ScaledMedInc,ScaledHouseAge,ScaledAveRooms,ScaledAveBedrms,ScaledPopulation,ScaledAveOccup,ScaledLatitude,ScaledLongitude,MedianHouseValue
0.4422318175767328,-1.7106786359212378,0.7877379252704605,0.03910036017618421,-0.5277444183144062,-0.11205269762502054,-0.5417640574996252,1.1566417146086496,1.745
2.646159370379376,0.10880952094123046,0.6722596332593609,-0.026070409696111164,0.3209815811488132,-0.39836221217888085,-0.7244709259478118,0.5969028430746031,5.00001
-0.4373174919176658,0.9789995090058892,0.19497693809373393,-0.06059845537648331,-0.4118431259145902,-0.23812970843278813,-0.12481761411786639,0.3120357388117447,0.856
-0.3325132182144388,-1.0778131900560315,-0.004506035431559707,-0.020813052946424555,-0.4866770312436053,-0.25481861875312917,0.5591619446881648,-0.09277540935127061,1.244
-0.5476212402529961,0.8207831475395876,-0.6253580600091553,-0.2608882995290514,0.02347117703589974,0.4201301400658274,-0.8696994624066277,0.6568748650246815,1.72
0.09408888539015074,1.05810768973904,0.1519634993119114,-0.014601766170682253,-0.3762513904532294,-0.11625252200683588,-0.6823078024597705,0.7268422239664373,2.34
0.40588290905597296,-1.9480031781206901,0.1579211690448146,-0.5176363547205411,-0.7787117837470786,0.06114825741370823,-1.3709721527644723,1.3015741009879964,2.233
0.4626060616899538,0.5043504246069844,-0.14992973475779828,-0.034666192219146096,0.3885146176652414,0.30451079126119385,-0.6588838449664113,0.5919051745787608,1.795
-1.0660383822392736,0.662566786073286,-0.6434810827788517,-0.10501496285131065,1.06019454842323,0.24920106713287046,-0.757264466438512,0.6418818595371619,1.875
-1.0235614876998846,0.5043504246069844,-0.41942150193735045,-0.13318332681949158,0.6969763249970351,0.2634679874422333,1.074489009542021,-0.847423352223065,0.567
4.471513564697799,0.42524224387383364,1.6510202236046057,0.047757179813215554,-0.5605983279710469,-0.02356281102791939,0.9058365155898493,-1.392169218269592,5.00001
-0.04695954493608123,1.2954322319384923,-0.2272130091811803,-0.10388147560259084,-0.21380705937317235,-0.07833290584191184,-0.7760036324331974,0.5769121690912412,3.23
-0.3828988810342811,1.849189497070548,-0.447877175435349,0.029159986224484444,-0.5888891946198209,-0.47497742479802924,-0.7760036324331974,0.5669168320995639,3.39
-0.2460929025671002,0.26702588240753206,-0.08928405154152,0.04401103904386374,-0.504016594673499,-0.14408857582250295,-0.7104165514517969,0.8567816048582645,1.945
-0.3574441698799741,0.26702588240753206,-0.26173768986761403,-0.13932907161385377,0.5546093831515919,-0.005902916654578626,-0.7806884239318712,0.7568282349414766,1.678
-0.4296706033815982,0.18791770167438127,-0.4801470563048665,-0.10850847473928202,0.10104290816963485,-0.22284421380796698,-0.7525796749398415,0.571914500595406,3.478
0.4352658163760685,0.5834586053401353,-0.015097886195552702,-0.19434623680911803,-0.5925396290261143,0.2524706667410909,-0.6588838449664113,0.5819098375870835,1.838
0.11577252822530133,-1.7106786359212378,-0.01405485307560392,-0.0015042862093315459,0.45330982837694955,-0.014809163321413191,-1.1554717438255855,1.1966230625753662,2.097
1.4664434978698881,-2.106219539586992,1.6915306540867305,0.7322260555514774,0.3310202757661201,-0.018504125054180837,-0.5932967639850109,0.48695413616613065,3.295
0.3694816245863366,-0.7613804671234283,1.6998257112544062,2.142850948286092,-0.08239142074660935,-0.0612017327502906,-0.6729382194624262,1.2316067420462407,1.239
0.2406891662973636,-1.3151377322554838,0.28580198822571296,-0.0726383767425706,2.418156147564381,-0.10590837655140252,-1.2070044503109711,1.2216114050545632,1.996
0.19569822621187005,-1.631570455188087,0.1884604721542762,-0.14088680587224006,3.996969028286284,0.19024328490977396,-0.8041123814252271,1.166637051600327,1.376
-1.0014588372737168,0.5834586053401353,0.11221925194834872,-0.13974030711066962,-0.32514530876512154,0.16923320986997067,1.55233774240651,-1.017344081081616,1.188
0.4597253845017089,-0.4449477441908251,-0.20466202925348215,0.008064324912702021,1.155105842986859,-0.2633071625721254,0.994847554064609,-1.3421925333111908,2.917
-0.5834463892849837,-0.7613804671234283,-0.32900528285848574,-0.28411334045715403,-0.39267834528154977,-0.10916479342335911,0.54510757019215,-0.07278473536791587,0.797
1.7710096405906604,-1.9480031781206901,1.3352916788892772,0.5244600964298246,3.8226607853857733,0.14850860418103878,-1.230428407804327,1.2166137365587208,4.504
0.5734859454629329,-1.7106786359212378,-0.2467038859976411,-0.09324908958960124,1.6415262276254567,-0.21588152678898234,0.8730429750991491,-1.2072554839235214,1.817
-0.9379268112857037,1.7700813163373972,-0.05678581203270194,-0.023086504513856784,-0.6956644010039034,0.3044453093151886,0.507629238202776,-0.11276608333463246,0.567
-0.9735948324710596,0.10880952094123046,-0.6077910281311795,-0.2059644899211766,-0.1033814185827965,-0.20748033605422403,-0.8931234198999835,0.6468795280329971,2.258
-0.3450310699960835,0.26702588240753206,0.11588875948574094,0.17188579098770013,-0.431920515149204,-0.04724405079421665,-0.5886119724863403,0.03716397154055654,3.46
-0.5980069030728384,0.5043504246069844,0.07189997356794958,-0.15837405869503218,-0.11980837341111687,-0.07038678543842061,1.2853046269822375,-1.592075958103175,1.975
-0.9117912127959933,-0.9987050093228806,-0.4672670661184981,0.07414513752253027,-0.1572253260756244,-0.17538517212170907,-0.3356332315580827,-0.4276191985725301,0.675
0.57317168976967,-1.3151377322554838,0.6539210632972974,0.08559046317667207,-0.20468097335743882,0.08428466759143224,1.1166521330300656,-0.8774093631981043,1.335
-1.2527062640375248,0.26702588240753206,-0.19800696958106997,0.19130426782623258,-0.7522461343014514,-0.2941989366198774,0.8543038091044637,-0.18273344227638827,0.915
-0.7516255611295923,1.1372158704721909,-0.1761923631951787,-0.058579271418566614,0.028946828645339866,-0.23889827667122485,-0.012382618149754134,-0.5525609109685221,1.4
-1.1978686455631227,-1.4733540937217855,-0.2309229661138459,-0.005918025435663831,0.39125244346996146,0.035498883694470414,-0.49960093401158395,1.0866743556668939,0.734
-0.21650049145149625,-0.9195968285897299,-0.3706912116867711,-0.15282537072815902,1.9280853285194899,0.6030510857502569,-0.7338405089451562,0.8018072514040283,1.522
-0.5783659222438977,0.5043504246069844,-0.3812070858868572,0.09385925168446559,0.15306159845931605,-0.15500792688003093,-0.7947427984278828,0.7168468869747529,2.09
-0.4245377603916351,0.7416749668064369,-0.3245004928276673,-0.002303329199263553,-0.431920515149204,-0.42606200258811744,1.0089019285606207,-1.3122065223361516,2.331
-0.08613675469620795,-0.6031641056571267,-0.3103815621798851,-0.1572043151569119,0.48160069502572356,-0.10172169126188084,0.6200642341708915,-1.197260146931844,2.519
-0.8095009846388707,1.05810768973904,-0.6688948630710736,-0.19222298362505666,0.6997141508017553,0.6328439992534052,-0.7666340494358563,0.7018538814872333,1.273
-0.000606830179781307,0.42524224387383364,0.1970642245820603,-0.23385746595899634,-0.5934522376276877,0.2574569046887911,-0.7853732154305417,1.0267023337168153,1.41
1.5111201822621183,-1.3151377322554838,0.9439027323968507,-0.03043150188555988,-0.7704983063329184,-0.20337006028160767,-1.221058824806986,1.266590421517122,4.0
1.3793946708360234,0.7416749668064369,0.5354391782827527,-0.2386378061005995,-0.32970835177298835,-0.22290871571070361,-0.686992593958441,0.7968095829081931,3.65
2.7173906608523337,-0.8404886478565791,1.3604570024123082,-0.19630096732505384,-0.9511948094444426,0.08391626298127253,0.7324992301390071,-1.1422857934776078,5.00001
-1.0393790242607914,0.02970134020807966,0.07044307932855194,0.01656403214525267,-0.14901184866146422,0.2554778149614234,0.6903361066509625,-0.2876844806890185,0.792
0.6065875451533075,0.26702588240753206,0.2971855463033545,-0.2513121309392332,-0.8562835148808138,-0.06336040082595078,1.0557498435473356,-1.247236831890238,3.068
0.1876323300847853,0.34613406314068285,-0.32087470591498113,-0.5312715911238397,-0.9064769879673482,-0.028055249622756784,0.9292604730832086,-1.247236831890238,1.926
0.5909271364390319,-0.2076232019913727,0.47710160356077935,-0.19061921729206674,0.17496420489707654,-0.008759600750519039,1.4117939974463645,-0.8324303467355454,1.696
-0.008777478204620624,1.2954322319384923,-0.3102683467522635,-0.2402565792418349,-0.7449452654888645,-0.4680347123427303,1.06511942654468,-1.4721319142030251,3.908
0.2803901355462622,-0.04940684052507113,0.11257888091474791,0.29320744480510924,-0.6582474483393959,0.8143871331503182,0.5685315276855059,-1.072318434535852,1.757
1.5134247240127139,-1.9480031781206901,0.6202973866493305,-0.22146475249270042,0.5217554734949511,0.20433502643525397,-0.7010469684544559,0.9517373062792173,2.863
-0.14254565163692529,0.7416749668064369,-0.19265154414363453,-0.28376891123257675,-0.05045011969154195,0.4571400184028511,-0.7760036324331974,0.7518305664456343,1.707
-0.22100482305493327,0.7416749668064369,-0.04573859733424619,-0.06059845537648331,-0.754071351504598,-0.3485894336155455,-0.6963621769557854,0.5619191636037287,2.654
-1.131822574029005,1.849189497070548,-0.4802275869612164,-0.037216941664147046,-0.2503114034361065,-0.4001286832509587,2.4143393781620537,-2.286751879024891,0.805
-0.7056394780154327,-0.3658395634576743,-0.7795855417595872,-0.15672522424942967,2.1845283455616022,1.0178338504470077,-0.7432100919424972,0.7768189089248313,1.514
-0.2311133811882282,0.10880952094123046,-0.36244908517845675,-0.24273668987165098,0.3739128800400678,-0.31047026114720344,0.7699775621283779,-1.1822671414443244,2.6
0.9239334194001103,0.7416749668064369,0.2738944009403756,-0.19658967413567316,-1.0086891513435639,-0.15472755751787245,1.051065052048665,-1.2422391633943959,2.633
-0.13317035678791095,-0.28673138272452353,-0.4772551110405031,-0.06537742363674248,-0.3379218291871485,-0.4807938272451001,-0.6963621769557854,0.6068981800662805,2.625
-1.3999874322801407,0.662566786073286,-0.4252665181644357,0.3324693550979299,-0.5104048548845125,-0.18193883055596735,-0.8041123814252271,1.3515507859463973,0.55
0.5804519466635971,-0.2076232019913727,0.05616298906769931,-0.15191229519234375,0.013432482418592843,0.00604473850875131,1.2525110864915372,-1.3671808757903878,1.752
2.0751043997715377,-0.5240559249239759,1.0587617999615162,-0.1161895243436768,0.05541247809096714,0.1111178688878306,-0.818166755921242,0.8917652843291459,3.549
1.5570015134785231,-0.4449477441908251,0.724220280605735,-0.13019649871403643,0.39581548647782827,0.20948129078868252,-0.9024930028973278,0.8118025883957127,3.182
0.9945885744354193,-0.6822722863902775,0.37340463458503587,-0.2857270419854237,1.8842801156439688,-0.07945333199692829,0.9479996390778939,-1.0923091085192067,2.642
0.13949883306666164,-0.5240559249239759,0.35389825793421764,-0.20921221581461324,1.5812940599216154,0.25422489633989465,-0.7151013429504708,1.116660366641933,1.265
-0.6423169558229284,1.849189497070548,-0.17519115081884998,0.10967683838973602,-0.38994051947682973,-0.28907279769830413,-0.747894883441171,0.6218911855538001,2.594
-0.037898505780329925,0.42524224387383364,-0.1653897620596477,-0.023412391769256406,-0.6628104913472627,-0.24418513429774127,-0.8041123814252271,0.8217979253873902,1.86
-1.123704301953043,-0.7613804671234283,0.8454474977061665,1.512704394524592,-0.7969639557785457,-0.16265918057059162,1.7116206533613372,-1.4621365772113477,0.688
-0.9253565835551816,-0.8404886478565791,-0.3748211196896495,-0.174271033748079,-1.1948613060645281,-0.3511661704636166,1.678827112870637,-1.7969803664326072,1.75
-0.8707808448251653,-0.04940684052507113,-0.3839063247697261,-0.041135491957736664,0.281739411281159,-0.35803291457729947,1.393054831451679,-0.9073953741731434,1.132
0.1922937895348537,-0.6822722863902775,-0.154695744526946,-0.190499290002445,0.7289176260521025,0.8114462921824107,0.7699775621283779,-1.122295119494246,1.91
-0.9908265196516503,-1.4733540937217855,-0.6056131714573494,-0.059950953347784254,1.3056862622464624,0.02233304107229197,-0.8696994624066277,0.6468795280329971,1.654
-0.24022679629285654,-1.3942459129886347,-0.11788386420512084,0.2029712760405485,0.3857767918605214,-0.20594295543796032,1.4211635804437088,-1.1073021140067265,1.206
0.7892224788880164,0.26702588240753206,0.5837341459706523,-0.13177683796108056,-0.7750613493407852,-0.21684690923437455,-0.827536338918583,0.8317932623790675,3.187
0.3905891319838382,-1.0778131900560315,-0.4334814989468363,-0.08718172764133701,0.22333246078046431,-0.5573646628958375,-0.7010469684544559,0.571914500595406,3.591
0.023957489843613698,-0.04940684052507113,-0.2149100518601193,-0.23385746595899634,-0.4903274656498987,0.47797932049426556,-0.8931234198999835,0.6418818595371619,2.705
-0.6225712230962334,0.9789995090058892,-0.7137846245218206,-0.314449507730622,-0.8845743815295877,0.5477600468917301,-0.747894883441171,0.7018538814872333,1.092
-1.4419929432796348,1.849189497070548,-0.6042211739136264,0.10697060411957614,-0.43100790654763066,-0.3262332474989219,2.4143393781620537,-2.286751879024891,0.741
-0.5325369669763698,0.42524224387383364,1.7998822577958684,2.0631429192600383,-0.44104660116493755,-0.16720468168821892,-0.6588838449664113,1.1566417146086496,1.176
1.50719198609633,-0.9987050093228806,0.32691040552210865,-0.06912389875435297,0.369349837032201,-0.22849109008805413,-1.267906739793701,1.166637051600327,4.259
-1.414181314425855,0.02970134020807966,-0.12014043227520735,0.9705818081411764,-1.0953869684930326,-0.3664841956920935,-0.7994275899265566,1.5064785093174287,0.5
-0.663476839169307,-0.04940684052507113,-1.0153777884412665,-0.40549906569307304,-0.6856257063865965,0.1578807836116412,-0.7385253004438267,0.6618725335205167,1.875
-0.86643364106836,-0.6822722863902775,-0.9442972576663756,-0.21405643617813777,-1.245967387752636,-0.06324383570088096,0.9058365155898493,-1.4621365772113477,4.5
0.08942742594008234,-0.6031641056571267,0.374239445702688,-0.24195788723298406,-0.23753488301407957,0.027318789014727465,-0.7994275899265566,1.1016673611544134,1.368
-0.9173430633769739,0.10880952094123046,-1.0022461588212315,0.16813079752822815,0.01890813402803297,-0.19614982099810463,-0.7291557174464823,0.6268888540496423,2.0
-0.36886212673519814,1.3745404126716432,-0.03735944695686766,0.067702479392113,-0.7741487407392118,-0.25333098023072176,-0.7338405089451562,1.1316533721294526,0.84
0.1440031646700984,-1.5524622744549363,0.049907488304622175,-0.12759238969644138,2.012957928465812,-0.2044317134382454,-0.757264466438512,1.146646377616965,1.977
-1.0931167478087729,0.02970134020807966,-0.2988798720741332,-0.28717903967195707,0.3510976650007339,-0.011407683534905254,1.795946900337423,-0.9773627331148993,0.538
0.13619914828739937,1.849189497070548,0.03554265471838347,-0.3208098141271148,-0.3707757388437893,0.08580748292100572,-0.6776230109610967,0.7168468869747529,1.821
1.5827181043772163,-1.8688949973875395,1.2943046208288576,0.5693423166435682,-0.8343809084430532,-0.05979003036524855,-1.0149279988654434,1.1816300570878466,4.933
-0.5325369669763698,-1.0778131900560315,0.17093735901821888,0.053043400676634024,-0.4237070377350438,-0.1542622959276958,-0.22788302708864097,0.7968095829081931,0.878
0.4838183209852095,-0.3658395634576743,0.46111731791275223,-0.20885447072723418,-0.23114662280306608,-0.052306470745177115,-0.32157885706206785,-0.42262153007669495,1.629
0.3894892370574173,-0.9987050093228806,0.011424991020280668,-0.13389181934145258,-1.0269413233750309,-0.30809236046600885,-1.361602569767128,1.1766323885920043,1.792
0.13258520781487437,0.662566786073286,0.12284213834045293,-0.09964397711891594,-0.22019531958418584,0.22915978053676128,-0.8041123814252271,0.746832897949792,1.753
-0.2542635505919395,1.849189497070548,-0.3520030461731178,-0.3008094039472442,0.053587260887820426,0.23871576733984254,0.9854779710672646,-1.4121598922529466,2.539
-0.30805365008879815,-0.2076232019913727,-0.0011362524093865665,-0.2021867581050814,-0.385377476468963,-0.08084710160507122,1.2712502524862226,-1.1172974509984037,2.1
0.2989312214487822,0.26702588240753206,-0.03199349852442754,-0.24048680896998692,0.04628639207523359,-0.15524793093788708,-0.9259169603906837,0.8367909308749097,2.535
-0.14977353258197554,1.849189497070548,-0.185343437734393,-0.13404110168193065,-0.22202053678733255,-0.3216810908151753,-1.3662873612658017,1.2266090735504054,2.131
0.3359610173049446,-1.8688949973875395,0.2509180159625915,-0.1267558959887522,2.760384373154389,-0.056790790377015746,0.9573692220752349,-0.7274793083229152,1.955
1.1142676176197637,0.34613406314068285,0.6235508914982189,0.01594384648322298,-0.28134009588960057,-0.10313378284429955,-0.6963621769557854,0.4769587991744533,3.477
1.2110583711447829,-0.7613804671234283,0.43454915716558007,-0.24749475106098845,-0.4848518140404586,0.21844916907387707,1.2150327545021664,-1.517110930665584,2.018
-0.9544776111308909,-0.8404886478565791,0.5622370500416906,0.9846950370405839,-0.05318794549626201,-0.41465423866354045,0.03446529683696097,0.5569214951078865,0.812
-1.1258517158570072,-0.6031641056571267,-0.17434146789289715,-0.11695308109460491,-0.501278768868779,-0.20628406176219388,2.362806671676668,-1.397166886765427,0.615
0.824680996277864,-0.28673138272452353,0.8010059560741036,-0.07561463010886493,-0.12619663362213035,0.046729378537126255,-1.1835804928176152,1.2765857585087994,2.483
-0.5795705690680728,0.662566786073286,-0.667287902724727,-0.05116456311408656,-0.4282700807429106,-0.4242854404307112,-1.3569177782684574,1.2216114050545632,1.292
-0.3288469017930365,1.6909731356042463,-0.13124488779796484,-0.07454918090390657,-0.5231813753065394,0.3070729698163839,-0.757264466438512,0.6968562129913981,1.426
-0.23430831406973585,1.5327567741379449,-0.16294736137896704,-0.13698336958717205,-0.5852387602135275,0.23390732649392115,-0.7806884239318712,0.6468795280329971,0.931
-1.2384600059429334,0.9789995090058892,-0.3298931866730431,0.07239846131828395,0.5746867723862057,0.5591221371359627,-0.7760036324331974,0.6668702020163589,1.003
-1.1891742380495118,0.662566786073286,-0.3382695809642746,0.10456394768970435,-0.4848518140404586,0.34938534688578593,0.863673392101808,-0.6375212753977976,0.695
-0.9253565835551816,1.453648593404794,-0.3638216617413893,0.4382665977246047,-0.1709144550992247,0.47584101499330395,1.0042171370619501,-1.3271995278236712,0.955
1.5456883085210538,-1.0778131900560315,0.2676532433605302,-0.29602395202801757,0.23245854679619785,0.1747365067210307,-0.818166755921242,0.8168002568915479,3.726
0.4303948531304909,-0.04940684052507113,-0.19808300982015684,-0.08064328798654942,-0.0732653347308758,-0.03426904038293688,0.887097349595164,-1.1922624784360019,2.032
-1.145230816941562,1.5327567741379449,-0.47751353801332136,-0.11662279757391289,0.3739128800400678,0.5081195523496844,-0.7713188409345269,0.6568748650246815,1.074
0.01578684181877438,0.7416749668064369,-0.2688753602896079,-0.1543783325330501,-0.08604185515290276,0.1692735644630122,-0.7338405089451562,0.7518305664456343,2.052
-0.05638721573397261,-0.04940684052507113,-0.01679401711131551,0.09198512097615918,-0.4620365990011247,-0.14545811506743278,1.0979129670353802,-1.2122531524193636,1.449
-0.7385315739102987,0.34613406314068285,-0.6195992644695631,-0.13954504665594694,0.5710363379799123,0.0015080912754039338,-0.6963621769557854,0.7268422239664373,1.695
3.6160571916869007,-0.28673138272452353,0.9779530462396351,-0.2446933236109102,0.16766333608448972,-0.03919588939035382,0.7606079791310368,-1.222248489411041,5.00001
-0.958091551603416,0.8207831475395876,0.1496216049676881,0.0071758931240186435,-0.22202053678733255,-0.1085591282354607,1.8146860663321118,-1.3072088538403164,0.634
-0.6575059809973091,1.453648593404794,-0.1311486791549741,-0.1531702737548094,-0.7641100461219049,-0.2466135193724554,1.1072825500327212,-1.1172974509984037,0.935
0.759996699414553,-0.4449477441908251,0.35986816512185466,-0.06834885844727397,0.40220374668884173,-0.11335271037483412,-0.9118625858946688,0.8118025883957127,2.793
1.0705337003073228,-0.7613804671234283,0.15780802024012752,-0.09047523039981425,-0.24118531742037297,-0.1662141662282654,-0.8743842539052982,0.7868142459165086,2.074
-1.3443641745725807,1.3745404126716432,-0.24713781914455257,0.039345973145620015,-0.7330813536684109,0.09560035688657026,0.9854779710672646,-1.2972135168486392,0.871
4.468685263458432,1.2163240512053415,0.7854542724845299,-0.14717980641243641,-0.6117044096591548,-0.010593137593955462,-0.7104165514517969,0.741835229453957,5.00001
-0.20518728649402654,0.34613406314068285,-0.3826630861798206,-0.12811996692921115,-0.5304822441191263,0.5319487665924989,-0.8462755049132684,0.6468795280329971,1.83
0.7985977737370307,0.7416749668064369,-0.33188473291495124,-0.19186210011178298,-0.44195920976651093,-0.4305607751068446,-0.7151013429504708,0.7118492184789177,4.351
-1.100920764191472,0.5043504246069844,-0.19038013151621236,-0.12925070994564444,-0.4857644226420319,-0.010441367795898347,1.0838585925393653,-0.8374280152313877,0.635
0.9358227597952288,-0.6822722863902775,0.23357458609031667,-0.17476326842042522,3.219426499745786,-0.12495607152570122,-0.7151013429504708,0.9367443007917048,2.395
-0.905087091339715,1.3745404126716432,-1.3528314787118696,0.11665688618802744,1.1788336666277661,0.05846357913384887,-0.7432100919424972,0.6468795280329971,3.5
-0.14333129087008292,0.42524224387383364,0.38855614926508003,-0.09047523039981425,-0.7914883041691055,-0.20931180023582757,0.615379442672221,-0.2427054642264596,0.965
-0.4092439833195001,-0.3658395634576743,-0.6336964111735468,-0.0691779505567485,2.160800521920695,-0.3274676817877463,-0.7947427984278828,0.7268422239664373,2.3
-0.4506733588813454,0.10880952094123046,0.4175753041746188,-0.14870550899264223,-0.5313948527206996,0.10275952844085122,1.336837333467623,-0.9523743906356952,0.879
0.26619625340054787,1.7700813163373972,-0.22447106285594537,-0.3092075384933829,-0.272214009873867,-0.14150957334828443,0.9854779710672646,-1.4471435717238281,3.184
-0.28050390097940414,0.8998913282727384,-0.31335705800992847,-0.21405643617813777,-0.18551619272439837,0.1444635606610304,-0.7806884239318712,0.7618259034373117,1.692
0.5641106506139185,-1.9480031781206901,0.3440258085760539,-0.10796202969798156,-0.07600316053559587,-0.08452992270668631,-0.7432100919424972,1.2266090735504054,1.632
-1.2376219907608985,-1.1569213707891823,-0.10533773514767993,0.011120738400235176,0.1959542027332637,-0.060437259931802816,-0.5792423894889993,1.1366510406252877,1.034
-0.859886647458713,0.18791770167438127,-0.7439587315017674,-0.030183360082461596,-0.300504876522641,0.8357678418088875,-0.6401446789717259,0.222077705886627,0.75
-0.07424741430108926,0.26702588240753206,0.1508682268859938,0.39434334611514743,-0.4246196463366172,2.3409438469073067,-0.8931234198999835,0.8467862678665871,1.59
-0.8448023741820866,1.3745404126716432,-0.37872083177789,-0.08196602232354891,0.6358315486916204,0.37121356703719594,-0.7244709259478118,0.6768655390080363,1.529
0.5169199206755841,-0.4449477441908251,0.47243592865131123,-0.19695124723527807,0.4213685273218822,0.01876789676902232,1.1728696310141218,-0.8524210207189072,1.753
0.0485218098670087,-0.8404886478565791,0.03681698843229983,-0.1819373239173265,0.48160069502572356,0.12012394930139349,-1.361602569767128,1.2965764324921611,2.153
-0.8505113526096987,1.6909731356042463,-0.10597194278719668,0.24081901180070808,-0.5870639774166743,-0.17569918580732674,1.6694575298732959,-1.2122531524193636,0.691
-0.663476839169307,-0.12851502125822192,-0.030249864818485763,-0.040447407392427435,-0.8362061256461999,-0.16651700423622362,1.9552298112922537,-1.2622298373777576,0.917
-0.14788799842239722,0.02970134020807966,-0.2060483626185711,-0.03657894533796348,0.8274793550220249,0.1776055597428381,-0.7291557174464823,0.7868142459165086,1.792
-1.334203240490409,1.453648593404794,-0.651914226970309,0.010088882236877384,-0.06870229172300904,-0.12846500614324383,-0.757264466438512,0.6218911855538001,1.25
-0.663476839169307,1.453648593404794,-0.7059082941190814,-0.1516544356861789,-0.6126170182607281,0.07013472039664427,0.9995323455632795,-1.3122065223361516,1.113
0.7397272071990861,0.662566786073286,0.11200684204262415,-0.28627195655538695,-0.04223664227738176,-0.02706407791082782,-0.8696994624066277,0.8717746103457841,2.357
1.2478262872565602,-0.6822722863902775,0.6273092492287542,-0.10913400279282068,0.22333246078046431,0.390673502160248,0.7840319366243927,-1.1023044455108912,2.413
0.6475979131241352,0.5043504246069844,0.03428973542775881,-0.25400624109757675,0.06727638991142074,0.05766743450738885,0.9105213070885232,-1.4521412402196632,2.625
0.029718844220103,-0.4449477441908251,-0.09320001039278086,-0.10908517895225026,0.794625445365384,0.3298572406496009,-0.7010469684544559,0.21208236889494964,1.966
-0.3706952849458992,-0.4449477441908251,-0.0021675779017537233,-0.07617703685809821,0.6121037250507132,-0.21779314173627576,1.7537837768493818,-2.1318241556538595,1.405
-0.3019780400190458,-0.4449477441908251,-0.32633584300310625,-0.18325483429680228,-0.3324461775777084,0.3559005396697993,-0.5839271809876698,0.3320264127950994,1.98
0.33313271606557726,-0.9987050093228806,0.1874737302924144,-0.40292779716478955,-0.8371187342477733,-0.07332671901942031,1.1072825500327212,-0.8874047001897816,1.669
1.5159387695588185,-0.04940684052507113,0.75711236456683,-0.033715305455025615,-0.7367317880747043,-0.2994188179577632,-0.9821344583747432,0.9067582898166655,4.991
0.013063292477161351,-0.6822722863902775,-0.44081786737921,0.023474233775578203,-0.21928271098261248,-0.4256286520008607,-0.8931234198999835,0.6418818595371619,2.852
-0.7336082347158444,0.5043504246069844,-0.37219311483369405,-0.28893405683739015,0.20416768014742387,0.6180130688402173,-0.7385253004438267,0.7968095829081931,1.459
-0.783522513995792,0.8207831475395876,-0.9457335152653081,-0.2612742764248008,-1.1337165297591134,-0.40606186853121995,-0.7057317599531264,0.6768655390080363,1.75
-0.685317609851089,0.662566786073286,-0.508708352448672,-0.25073663646731376,0.37847592304793454,0.6464435955342644,-0.8087971729238976,0.6868608759997208,1.327
-0.787136454468317,-1.7897868166543887,0.33747035069503317,0.41901786706630534,-0.3945035624846965,0.06388267435292909,0.20780258228780654,0.0071779605655244196,0.532
-0.7813227241429507,-0.28673138272452353,-0.7589889512754171,0.02241033009948233,2.273963988515791,0.30704365158899727,-0.8696994624066277,0.7118492184789177,1.537
0.6160152159511988,0.10880952094123046,0.2872362748879124,-0.3376072705615784,-0.6655483171519827,-0.31270661020174023,-0.6448294704703964,0.1820963579199104,2.343
-0.36131999009688487,-0.12851502125822192,-0.20563950857942243,-0.19565462263447028,0.020733351231179677,0.05913257254211956,0.6434881916642508,-0.997353407098254,2.036
-0.3320418346745442,0.7416749668064369,-0.41069394512341195,-0.2963360343951952,-0.3342713947808551,0.6535419035311145,-0.7385253004438267,0.746832897949792,1.842
0.9300090294698624,-1.3942459129886347,0.29055785523397704,-0.17065417898171042,-0.7111787472306504,0.12649769583890583,-1.230428407804327,1.3715414599297522,2.098
-0.05612533598958665,0.9789995090058892,-0.3688601654319179,-0.26486347036246943,0.7617715357087433,0.36292830348238353,-0.7151013429504708,0.8367909308749097,1.455
-0.6687668100059018,-0.7613804671234283,-0.18508686456508003,-0.06306996019173683,-0.0029944724097275325,-0.3719601694597325,2.13325188824177,-1.3122065223361516,0.844
0.10278329290376198,-0.12851502125822192,0.2482845309450468,-0.08981093846884637,-0.30598052813208115,-0.14176884506357798,1.336837333467623,-0.9273860481564982,0.968
-0.6416360684875251,1.6118649548710955,-0.49245061704221904,-0.3675144169797922,-0.6272187558859018,0.23319293386417703,1.0042171370619501,-1.3072088538403164,1.22
0.26038252307518106,1.849189497070548,-0.45713663332846705,-0.1520830208543929,-0.25578705504554666,-0.47664205176099567,-0.8837538369026425,0.7218445554705951,3.78
0.19700762493379964,0.5834586053401353,-0.03246661246948387,-0.21405643617813777,-0.6436457107142222,0.261816283225165,-0.8134819644225715,0.741835229453957,1.758
-0.6366079773953164,-0.9987050093228806,-0.5892948728165814,0.000469257982178338,0.2278955037883311,-0.21204409612866473,0.7746623536270484,-1.1472834619734429,1.911
-0.1597773388175159,0.26702588240753206,-0.14439970171545985,-0.24195788723298406,0.05267465228624708,0.7846349888126584,-0.6916773854571115,0.2070847003991074,1.821
-0.9156670330129043,1.849189497070548,-1.0376540015969866,-0.21405643617813777,0.4523972197753762,-0.17751651331099397,-0.7432100919424972,0.6368841910413197,3.289
0.39221278639903057,-0.6822722863902775,0.25644919705988434,-0.06528658106288819,-0.19829271314642533,-0.21200230160617475,1.135391299024751,-1.3022111853444742,2.175
0.0681627906959491,0.5043504246069844,-0.4907014795351178,-0.18210979333467056,-0.38081443346109617,0.3322750668166939,-0.8462755049132684,0.6818632075038785,1.683
-0.9144623861887293,0.8998913282727384,0.041631138018205824,0.032810750328871555,-0.6801500547771564,-0.36003131425093143,0.9339452645818791,-0.697493297347876,1.303
0.8921412184316653,0.10880952094123046,0.1821809682469865,-0.11044509027517654,0.3593111424148941,-0.16098344506102014,1.060434635046006,-1.4671342457071828,4.029
-0.3115628386635688,-0.8404886478565791,0.027653065773878136,-0.09436776034397815,-0.31601922274938804,0.018598843937625422,0.54510757019215,-1.06732076604001,2.299
-0.8271516794104786,-1.0778131900560315,0.17454741190202216,0.33538752305575814,0.8083145743889844,-0.2757599917993265,-0.007697826651080293,0.5869075060829257,0.969
0.2531022661812539,-0.12851502125822192,-0.09810101028767153,-0.09070265256723826,0.014345091020166198,0.205858188944156,-0.8650146709079571,0.8417885993707449,2.125
-0.12992304795752624,-1.9480031781206901,0.13811569101656868,0.8134448265807662,-0.45473573018853786,-0.2500995199109483,-1.221058824806986,1.2565950845254446,2.101
-0.781165596296319,-1.1569213707891823,-0.15566737678841466,0.2104131259699398,0.43049461333761574,0.13851867867668533,-0.25599177608066737,-0.5125795630018055,1.421
1.0491119372165583,1.849189497070548,0.8956119978259892,-0.03423342783787303,-0.7659352633250517,-0.1616740975241553,1.0229563030566353,-1.3271995278236712,4.578
-0.1810419740616489,-1.4733540937217855,-0.1672396537733501,-0.18246214601309135,0.9807976000863483,-0.05587557481425587,1.3180981674729375,-0.9273860481564982,1.036
-0.5135768734828324,-0.7613804671234283,-0.7045641850445618,-0.05625530497643623,0.9780597742816283,-0.5407539702203876,-1.3569177782684574,1.2116160680628858,1.991
0.11221096370165336,-1.4733540937217855,0.1277710223568452,-0.040507856218606704,1.3549671267314236,-0.10919257416642529,1.3602612909609788,-0.9823604016107343,1.159
-0.01967167557107297,0.34613406314068285,-0.17777930344926904,-0.1651052828084963,-0.04132403367580841,0.22540741636505168,-0.7994275899265566,0.746832897949792,1.754
-1.2690475600872035,-1.631570455188087,1.781719665107461,1.7553209841097621,-1.2423169533463425,-0.1413861814195611,-1.089884662844185,1.8013409505719644,0.538
0.9130392220336577,-0.12851502125822192,0.528071960896401,-0.09713606985306752,-0.49671572586091217,0.014538407042137326,-0.8790690454039687,0.7768189089248313,2.189
-0.615552845946692,1.6909731356042463,-0.8367263174181453,-0.0028785528683381873,0.04628639207523359,-0.6265099032127862,1.0042171370619501,-1.4221552292446311,5.00001
-0.3811180987724571,-0.8404886478565791,0.008338793165985181,-0.17487567512239607,-0.2868157474990407,0.1757419518917335,0.8917821410938345,-0.6075352644227583,0.963
0.4407652910081716,0.34613406314068285,0.525492801737043,-0.13119758153041258,-0.33974704639029524,-0.025745509309618716,-0.6401446789717259,0.1820963579199104,2.575
0.17129103403510668,-0.9987050093228806,-0.13429021473901698,-0.30883930667327725,-0.3716883474453626,-0.3482335671454794,-0.8134819644225715,0.8567816048582645,1.763
-0.6084297168993961,-0.9987050093228806,-0.22016322136351774,-0.15276080903910336,0.3218941897503866,-0.17952062421310958,-0.2419374015846525,-0.5125795630018055,1.904
-0.5496115263103287,0.10880952094123046,-0.5991992249297727,-0.051779031192480306,0.513541996080791,0.12867863298304125,-0.6776230109610967,0.5919051745787608,2.264
-0.76650033061071,1.6118649548710955,0.27997014170089235,0.32836434744751236,-0.0020818638081541783,-0.2593109925089141,1.6928814873666518,-0.7224816398270729,1.431
0.6483311764084159,0.5043504246069844,0.19705058756529623,0.06969605662492148,-0.3762513904532294,0.3641943197725963,-0.6448294704703964,0.5669168320995639,1.959
-0.37430922541842443,1.849189497070548,-0.2462493435135848,-0.16409337266131993,-0.8599339492871071,-0.3036385328675454,0.994847554064609,-1.3321971963195134,2.102
-0.8517159994338737,-1.0778131900560315,-0.27469300677866376,0.06993962099642623,0.8749350023038392,-0.3867962047826631,-0.18103511210192585,-0.5375679054810025,2.262
-0.6252947724378465,-0.9195968285897299,-0.18531601848418833,-0.27082948609919505,0.14849855545144927,-0.31830292025942647,-0.7713188409345269,1.0167069967251379,0.75
-0.6804466466055117,-0.3658395634576743,-0.26675499610558145,-0.2559766650800532,-0.6399952763079287,0.24052146856887152,1.3415221249662934,-0.94737672213986,0.723
-0.5398172238702971,-0.9195968285897299,0.1477099127676839,-0.0386758866905324,-0.6682861429567027,-0.0569060233292275,2.2363173012125412,-1.3321971963195134,0.987
-0.5275088758841611,1.6118649548710955,-0.6268843283022987,-0.10356669000094662,-0.6545970139331024,-0.3975922465436469,1.0416954690513207,-1.3421925333111908,2.113
1.1753903499594271,0.18791770167438127,0.2292222450938163,-0.2547020635256031,-0.4656870334074181,-0.20691129747206904,-0.6916773854571115,0.5819098375870835,3.597
1.326652090316708,-1.1569213707891823,0.432978499721732,-0.11376203103504146,-0.3561740012186156,-0.17715316616437995,-1.2070044503109711,1.14164870912113,2.951
-0.4539730436606074,1.2163240512053415,-0.40239053313165796,-0.14691856957741392,-0.30415531092893444,-0.049852506293445696,-0.8369059219159274,0.7068515499830755,1.623
-0.4015970947834325,0.10880952094123046,-0.6524381815679768,0.013330206907525587,-0.7467704826920112,-0.31641988399121285,-0.757264466438512,0.571914500595406,3.438
-0.13280372514577088,-0.28673138272452353,0.9081988415721064,0.09739970237196571,-0.3333587861792818,0.0737998505871958,-0.46212260202221317,0.6768655390080363,1.382
-0.06827655612909128,-0.28673138272452353,-0.35882643279244675,-0.1940246251644022,-0.2703887926707203,-0.13953530248871043,-0.8041123814252271,0.7168468869747529,2.559
0.3203006085906695,-1.7106786359212378,-0.06436203576791127,0.003304868007196747,0.2872150628905991,-0.17320935787580163,0.755923187632363,-1.122295119494246,2.131
-1.179065679916217,-0.5240559249239759,-1.4001357038930824,-0.14820473560424763,-0.7212174418479573,-0.22433817837639516,-0.7385253004438267,0.6468795280329971,3.0
-0.6947976565978576,1.849189497070548,-0.28542763375609287,-0.028266113509467904,0.1439355124435825,-0.1996481251233854,1.0370106775526502,-1.347190201807033,1.577
-0.4998019989281354,0.18791770167438127,-0.36905496785864117,-0.030809553220868126,-0.12163359061426358,0.3549585777051261,-0.8696994624066277,0.6568748650246815,1.74
0.4626060616899538,1.849189497070548,0.42333568639202807,-0.3005250197877388,-0.5952774548308344,-0.2408649071636954,1.1541304650194364,-1.3271995278236712,1.482
-0.2974213324667315,-1.5524622744549363,0.060782496442759695,-0.014905910531046656,0.24340985001507812,-0.24725645626422466,0.5497923616908205,-0.13275675731798722,0.913
0.11760568643600236,-1.8688949973875395,0.20150635521171398,0.036070501344725336,1.1195141075254982,-0.08602989426065706,1.4258483719423793,-0.7024909658437111,1.725
0.006306795072005718,0.5043504246069844,0.2831065773670961,0.013529552298892118,-0.6737617945661429,-0.022057820789559066,-0.818166755921242,0.7268422239664373,2.027
0.6455028751690485,1.849189497070548,0.04508054055679632,-0.08124552915706959,-0.7239552676526774,-0.2813274356233255,-0.6916773854571115,0.6668702020163589,3.729
-0.3888697392062789,-0.3658395634576743,0.7259254971930402,0.7763278432812799,0.2707881080622787,-0.3781009315974553,-0.8603298794092833,1.5214715148049411,1.994
0.3677008423245126,-0.9195968285897299,-0.06514586639910067,-0.2043789058573128,0.6622971981372477,0.11406957184676676,0.9339452645818791,-1.4371482347321436,2.512
-0.4925217420342081,1.453648593404794,-0.2568852955210575,-0.32315546940431406,-0.7686730891297717,-0.2902662554198692,1.0042171370619501,-1.3022111853444742,1.981
-0.792845432895929,0.42524224387383364,-0.4689763094565088,-0.23172429580990722,0.21329376616315743,-0.09820225352239581,-0.8696994624066277,0.8717746103457841,1.996
-0.6581344923838351,-1.3151377322554838,0.06980575048880458,-0.19518312667983778,0.5327067767138314,-0.008002035733129284,2.189469386225826,-1.3771762127820724,0.922
1.2600822592938188,1.849189497070548,0.8422560103952087,-0.17636500229702953,-0.24301053462351968,-0.02397365856551698,-0.686992593958441,0.6568748650246815,4.984
0.8973788133193826,-1.0778131900560315,-0.25123366011662107,-0.1522951133092992,0.4149802671108687,-0.4360620696165661,-0.8837538369026425,0.741835229453957,2.674
-0.8162574820440263,1.453648593404794,-0.2694305295760756,-0.040196527293026134,-0.9201661169909485,-0.23471113467858526,-0.7713188409345269,0.6268888540496423,1.333
0.5754238555713884,-1.0778131900560315,0.5692657682841445,-0.17690810653162756,-0.15174967446618426,0.28224746878739954,0.5638467361868353,-0.02780571890535704,1.573
-0.6716474871941464,-0.6822722863902775,0.5280368643761263,0.549195099914302,-0.7093535300275037,-0.05130357913945273,1.1166521330300656,-0.4026308560933331,1.391
-0.45549194617804545,0.7416749668064369,-0.3757682170918439,-0.48390525266027423,-0.7832748267549454,-0.09509990183771538,1.1494456735207659,-1.3172041908319938,0.933
-0.28521773637834985,-0.7613804671234283,0.13598587187196792,-0.11550543933303864,-0.6107918010575815,0.21361918973387498,1.407109205947694,-1.1822671414443244,0.698
-0.7707951584186383,1.3745404126716432,-0.22136114970784385,-0.09230464975699051,0.7444319722788496,-0.1330740524028313,1.1494456735207659,-1.3222018593278362,0.928
-0.04151244625285495,0.18791770167438127,-0.17649892367009978,-0.23273827731920865,-0.4976283344624855,-0.17406787495856596,-1.3334938207751015,1.2316067420462407,1.663
-0.22482826732296718,1.849189497070548,-0.19709430904791653,0.04696554985832112,-0.2713014012722937,0.23377717570132608,-0.7151013429504708,0.6868608759997208,1.739
0.24472211436090596,-1.0778131900560315,-0.517928736018725,0.38725711447363365,-0.43922138396179083,-0.6913606682532668,0.8215102686137634,-1.2422391633943959,1.922
-1.1799560710471289,0.02970134020807966,-0.34614989833230386,0.15958038664328217,0.5500463401437251,2.1398462427530998,-0.7853732154305417,1.1016673611544134,1.55
-0.6722236226317954,0.7416749668064369,-0.12377466769406625,-0.1573326940996382,-0.17000184649765135,-0.3878927124522677,0.2640200802718627,0.1271220044656742,0.67
-0.1847082904830512,0.10880952094123046,-0.08879770422687955,0.41905040249149,0.06910160711456745,0.2813277420544216,0.9854779710672646,0.017173297557201792,0.559
-0.9343652467620557,0.42524224387383364,-0.514317638985966,-0.13142521574647745,0.4122424413061486,0.6567128135632873,-0.7900580069292122,0.6718678705122011,1.006
1.6446264759500369,0.8998913282727384,0.4255901216943773,0.10255160842317054,0.11564464579480851,-0.265326044527186,-0.757264466438512,0.5269354841328473,5.00001
0.12289565727259726,-1.0778131900560315,0.03257182031393118,0.01640262364278673,2.163538347725415,0.17171952503593327,-0.7947427984278828,1.0566883446918545,1.246
-0.22587578630051058,1.6118649548710955,-0.5535568494331645,-0.10245063195875262,-0.22932140559991937,0.03721834718202054,0.9714235965712498,-1.4271528977404662,2.65
-0.6416360684875251,-1.1569213707891823,-0.768628465537916,-0.040150131658205274,1.1906975784482199,0.18617882213158024,-0.6729382194624262,0.5969028430746031,1.724
-1.2049917746104184,0.02970134020807966,-0.34701029281995255,-0.11623033282997292,0.21420637476473078,-0.022629769794329933,0.19843299929046218,0.28204972783670545,0.608
-0.896706939519367,-0.2076232019913727,0.06326404534769849,0.11748858407235044,-0.3862900850705363,0.055323403322684185,-1.1648413268229298,1.4515041558631854,1.563
-0.5672098451330595,-0.8404886478565791,-0.6980844050067113,0.043752971568642066,0.3091176693283596,-0.14695417365213229,-0.7010469684544559,0.6618725335205167,2.475
4.962747589216822,0.662566786073286,1.2757089833257647,-0.20748636972179801,-0.522268766704966,-0.14964212028359453,0.8543038091044637,-1.2972135168486392,5.00001
-0.8324940261959506,0.662566786073286,-0.20741390053548872,-0.18699835392091918,-0.1453614142551708,0.09635525440919848,0.9807931795685941,-0.672504954868679,0.919
-0.3999734403682401,-0.7613804671234283,-0.010953874545700664,-0.1624945546287818,0.36387418542276084,0.29098802104604476,-0.13418719711521074,0.32203107580342205,0.762
-0.07424741430108926,-1.4733540937217855,4.466626129343244,4.593376092433335,-0.8015269987864124,-0.21616003024482797,1.2103479630034926,-0.37764251361413614,1.214
0.08288043233043538,0.42524224387383364,-0.4957876240593133,-0.35118909987323327,-1.161094787806314,0.11653182857435317,0.7887167281230633,-1.1572787989651274,2.0
0.28583723422948826,-1.4733540937217855,0.2295671260765122,-0.25643142101488653,-0.23388444860778615,-0.2774305286805044,1.631979197883925,-0.7324769768187503,1.851
-0.13751756054471656,-1.631570455188087,0.054001111293061343,-0.08403728241535277,1.3138997396606227,-0.08794254123620783,1.313413375974267,-1.5870782896073397,1.836
1.4253283780013057,-0.9195968285897299,0.7459308182167873,-0.07231128961619558,0.6267054626758869,-0.09653169886894365,1.0042171370619501,-1.1922624784360019,3.125
-1.0235614876998846,-0.4449477441908251,-0.4181948281529865,0.1471809345585004,-0.3479605238044554,-0.27583206142141253,1.6413487808812661,-1.017344081081616,0.653
-0.03685098680278631,0.5834586053401353,0.056809751940149936,-0.08585902834794923,-0.03128533905850151,-0.0418332686541059,-0.7947427984278828,0.771821240428989,1.785
-1.0017207170181026,-0.5240559249239759,-0.35401143207606656,0.061996467833777144,2.717491768880441,3.954137383730566,0.9714235965712498,-0.8524210207189072,0.63
0.4403462834171542,-0.7613804671234283,0.18987375700913517,-0.15382059324664743,1.3960345138022245,-0.08389961162072987,0.6294338171682359,-1.172271804452647,2.835
0.193865068001169,-0.9195968285897299,-0.33815543667262726,-0.15255610036068087,-0.0020818638081541783,-0.1038062746998905,-0.827536338918583,0.7568282349414766,1.397
0.020343549371088676,-0.3658395634576743,0.30308381485226815,-0.12346076076511263,-0.431920515149204,-0.039980315755094184,2.283165216199256,-1.4021645552612694,0.859
0.3622013676924095,-1.8688949973875395,-0.614436762444884,-0.21405643617813777,-0.9493695922412958,-0.30204896692944533,-0.9306017518893576,0.8717746103457841,2.304
-0.7531968395959077,-1.4733540937217855,0.04995206519462976,-0.24848611135799628,-0.6418204935110755,-0.27440268058336925,1.9458602282949093,-1.0073487440899314,1.179
-1.3089056571827336,0.10880952094123046,-0.5442651676001921,-0.10412658118785349,1.3695688643565973,0.12482044403801613,1.3462069164649673,-0.922388379660663,0.783
-0.4443882450160844,-0.6031641056571267,-0.08777094442636948,-0.09693118603357266,0.44144591655649595,0.005545928995696281,1.7818925258414116,-2.0268731172412293,1.407
-0.23064199764833354,-1.3942459129886347,0.648991172082716,0.8362781879754089,-1.0552321900238049,0.00800853975013081,1.5195442019158096,-1.622061969078214,1.0
-0.6836415794870194,-1.1569213707891823,0.48519316873474444,0.7102030729064267,-0.1809531497165316,-0.06495123470676624,1.383685248454338,-0.5875445904394035,1.338
0.4911509538280141,-0.8404886478565791,0.11123047746473837,-0.09393756941645953,0.5181050390886577,0.09453879207613482,-1.2585371567963566,1.266590421517122,1.658
-0.05638721573397261,-0.2076232019913727,0.28905875373840473,0.1741301071581348,-0.4739005108215783,-0.059097603308210386,1.725675027857352,-0.3076751546723803,1.095
-0.43071812235914175,-0.3658395634576743,-0.09259650149941817,-0.20225197611647208,-0.9502822008428692,-0.3618523032114703,-0.7853732154305417,1.0866743556668939,1.25
-0.2802420212350182,-1.631570455188087,-0.034823531451400144,-0.13165160265176973,-0.39176573667997644,-0.09860298816041634,0.9386300560805496,-0.7274793083229152,1.291
-0.1901030132174002,1.05810768973904,-0.05345713711802244,-0.10945211967663565,0.5372698197216982,-0.18877006847550595,0.4748356977120757,-1.0323370865691355,2.21
0.8542734073934677,-1.1569213707891823,0.64644906356254,-0.1665060759297377,0.07366465012243423,0.02934827590035402,0.9901627625659352,-0.6025375959269231,2.753
1.6171814787383973,-1.0778131900560315,1.2302754461639078,-0.07671504696752436,-0.6573348397378225,0.10830330240358366,-1.263221948295027,1.1616393831044847,5.00001
-1.0612197949425735,1.6909731356042463,-0.8147859929044554,-0.14709295364650668,1.511023197600467,0.4409003302260884,-0.7666340494358563,0.6518771965288392,1.229
-0.6722759985806724,0.02970134020807966,-0.7692259049306183,-0.15086785584804496,0.4962024326508972,-0.027419944380893915,-0.7853732154305417,0.771821240428989,1.625
-0.4859223724756841,-1.1569213707891823,-0.7306140437807552,0.04511704250910102,0.76085892710717,-0.24115071025466478,0.9479996390778939,-1.4471435717238281,3.197
-0.8505113526096987,0.10880952094123046,-0.4038023001968044,-0.21405643617813777,-1.0488439298127914,-0.2403518731221814,0.887097349595164,-0.6525142808853172,2.5
-0.01605773509854795,0.662566786073286,-0.010474046459087557,0.07043644147241797,-0.7276057020589708,-0.04059187865649107,1.6741423213719664,-1.0273394180732933,1.0
0.8605061453098514,0.02970134020807966,-0.4769390349737484,0.10702487749916997,-0.6737617945661429,-0.6145448713022497,-0.818166755921242,0.5819098375870835,5.00001
-1.1167383007523788,0.8998913282727384,-1.3183077130383853,-1.2211244351889956,-1.254180865166796,-0.5913348495093812,1.4211635804437088,-0.897400037181459,0.938
-0.3452405737915922,-0.6031641056571267,-0.372468529742598,0.1296894408175682,0.1019555167712082,0.04790987000269733,-0.8556450879106128,0.7918119144123509,2.047
1.6525352442304904,-0.2076232019913727,0.3242113159866998,-0.2391108003906527,0.3602237510164674,-0.13012010260956056,0.7793471451257222,-1.1872648099401595,3.655
-0.7713189179074103,-0.3658395634576743,-0.4051051366232378,-0.021922053711025746,-0.300504876522641,0.6319832653115787,-1.4271896507485284,1.2615927530212798,1.073
2.380875189316485,1.453648593404794,1.0110436479699358,0.7305038939285979,-1.0305917577813244,-0.17606782317901984,0.8308798516111078,-1.3022111853444742,5.00001
-0.17245231844579223,-0.8404886478565791,0.12808760087568458,0.34639879805399193,-1.2131134780959951,0.49613699536243444,-0.8369059219159274,0.8867676158333037,2.35
-0.09294562805024063,-1.5524622744549363,-0.0019954246908268866,-0.19949093291560807,-0.3351840033824285,0.26433024472244615,0.6434881916642508,-0.2527008012181441,0.816
1.1198194682007443,-0.4449477441908251,0.5561189142483518,-0.07254428621733068,-0.47663833662629834,-0.10937151746952808,1.3274677504702785,-1.567087615623978,2.891
-0.9826558716268109,0.02970134020807966,-0.0807473763082253,0.2572787905698013,-0.8352935170446266,-0.15326957961641102,2.676687702087656,-2.246770531058174,0.628
0.6611109079344465,-0.3658395634576743,0.13155543444064324,-0.03777649925726297,0.18500289951438342,-0.07523988149524573,0.7793471451257222,-1.2272461579068832,3.551
-0.45276839683643244,-1.3151377322554838,-0.2938833921534777,-0.12733155895445067,0.3291950585629734,0.1339736618690822,-1.4365592337458728,1.2465997475337602,1.353
-1.2275134326276038,1.849189497070548,-0.17092999094519554,-0.21405643617813777,-1.0159900201561507,0.06400215177908611,1.913066687804209,-1.1272927879900883,2.0
-0.65656321391752,-0.28673138272452353,0.25116747847340964,0.06828103979369468,0.29269071450003925,0.26437740789781977,1.3274677504702785,-0.9423790536440178,0.762
-0.7843605291778267,1.05810768973904,-0.44156126003153306,0.1859138329325576,-0.8334682998414799,-0.1019663982327183,-0.7666340494358563,0.6468795280329971,1.232
-1.4345555585390761,0.26702588240753206,-0.1382100617965494,0.15635937954999363,-1.0789600136647122,-0.07506514717778914,-0.176350320603252,0.29704273332422504,1.5
1.9905696182837775,-0.04940684052507113,0.7169388939649345,-0.1746360374400983,-0.9995630653278303,0.025189526248877353,0.9854779710672646,-1.2672275058735998,3.298
0.10000736761327167,-1.631570455188087,0.011298177398640894,-0.27957782123951835,0.25436115323395836,-0.09541842966116386,1.3743156654569937,-0.6475166123894749,1.707
2.6264136376526808,-1.8688949973875395,1.3679158976350287,0.0027029617041991936,2.5815130872460115,0.35506978597702193,-0.6588838449664113,0.32203107580342205,5.00001
-0.6962118072175414,0.5043504246069844,0.15978352864240716,0.12896728561379608,-0.026722296050634742,-0.011939752933018796,1.716305444860011,-1.2922158483527968,0.627
0.817557867230568,0.34613406314068285,0.3804027467283266,-0.0817650734180908,-0.19738010454485197,0.006988661897221011,-0.6729382194624262,0.48695413616613065,2.271
-1.156334518103523,-0.5240559249239759,-0.2566994487079894,-0.07921887982521958,0.209643331756864,0.21232684980832106,0.2968136207625629,0.19209169491158778,0.659
-0.4695810764260055,1.2163240512053415,0.030724620280401023,-0.09513111772294466,0.6531711121215141,-0.16247105565156086,-0.2419374015846525,0.057154645523918385,0.638
1.1382558022055103,-1.8688949973875395,0.06702102210731602,-0.08044874145032911,-0.372600956046936,-0.1827335275653625,-0.9821344583747432,0.9517373062792173,3.155
0.2312614954994722,0.34613406314068285,-0.2919918383724905,-0.11936959696009539,-0.03311055626164822,-0.3597235111524007,-0.6916773854571115,0.5669168320995639,2.613
-0.13971735039755792,1.849189497070548,-0.14949188774803865,-0.2280071617055608,-0.591627020424541,-0.18607168703581511,-0.747894883441171,0.6068981800662805,4.409
-0.2866842629469108,-1.236029551522333,-0.04758300491564691,0.013927330555905863,0.8247415292173047,-0.02223255748390046,-1.1554717438255855,1.1816300570878466,1.839
0.2850515949963306,-1.7106786359212378,0.35459708693290265,-0.09670621556510778,1.4663053761233729,0.0952650211743926,-1.3850265272604871,1.2815834270046416,1.35
-0.33890308397745417,1.849189497070548,-0.7564168105060213,-0.10855407437700042,-0.648208753722089,-0.5781010651537982,1.0089019285606207,-1.4271528977404662,5.00001
-0.863186332237975,-1.5524622744549363,-0.5260874783833092,-0.028660499981215202,-0.6810626633787297,-0.5242926323171386,0.507629238202776,-0.07278473536791587,0.542
-0.6925978667450163,-0.12851502125822192,-0.9065966428650043,-0.3101515295874806,-0.5907144118229677,-0.20176268001308323,-0.569872806491655,-0.06778706687207363,2.75
-0.5494543984636974,-0.12851502125822192,-0.8765854988154987,-0.3065010029261224,1.0200397699540025,0.5997968528845162,-0.7806884239318712,0.7068515499830755,1.644
0.5957457237357324,-0.8404886478565791,0.38562273751728826,-0.18686135097278112,0.29999158331262604,0.08940335985574065,0.7606079791310368,-1.1422857934776078,2.694
0.4407652910081716,0.10880952094123046,-0.06566667151943438,-0.06945180042273258,-0.13075967662999713,-0.2097946667038052,-1.221058824806986,1.146646377616965,2.869
-0.5166146785177085,1.2163240512053415,-0.0979269420727758,-0.18821643253799672,-0.046799685285248534,-0.2539870407474764,1.2478262949928667,-1.3421925333111908,1.552
-0.6608580417254484,1.05810768973904,-0.5708702819439322,-0.19553564539173127,0.042635957668940176,0.5370354073838862,-0.7713188409345269,0.7568282349414766,1.438
3.452487103343483,0.10880952094123046,0.8479597376695367,-0.2657364434584201,-0.5231813753065394,-0.014596522370196083,-0.7947427984278828,0.7968095829081931,4.986
-0.9306465543917762,1.1372158704721909,-0.036017713075452026,0.15096497446657428,-0.40362964850043004,0.7657062219825319,0.7840319366243927,-1.1522811304692853,1.849
-0.8307656198830037,0.18791770167438127,-0.8373562689602327,-0.08540902712285847,-0.27860227008488053,0.16576440637828005,-0.686992593958441,0.6118958485621226,2.0
-0.723656804429181,-1.0778131900560315,-0.5128147213674933,0.1627720451525764,-0.035848382066368284,0.08301539202681565,-1.3569177782684574,1.2515974160296024,0.953
1.5372557807518288,0.42524224387383364,0.5260896220313931,-0.2725734872231267,-0.6956644010039034,-0.16218948445324005,0.8027711026190781,-1.2372414948985606,5.00001
0.9812327074717396,-0.8404886478565791,0.4837124415378481,-0.015676571016077535,0.4752124348147101,0.3651895639324587,-0.8322211304172569,0.7568282349414766,2.991
-0.24200757855468052,0.10880952094123046,0.2901697573035208,-0.052115853422622954,-0.7339939622699843,0.0663642825344144,0.5404227786934761,-0.18273344227638827,1.125
-0.5402362314613145,-0.9195968285897299,0.3809726471634337,0.5906490179195842,-0.6281313644874752,-0.15167392897513804,1.6413487808812661,-0.6425189438936397,1.289
-0.8817274181404949,1.849189497070548,-0.5287440156744168,-0.018746278794214002,-0.8006143901848392,0.6613904894067101,-0.757264466438512,0.6868608759997208,1.463
-0.7634101496269567,-0.12851502125822192,-0.3835875456441093,-0.20968974566752174,-0.24301053462351968,-0.2562941626534033,1.4024244144490234,-0.872411694702262,1.195
-0.599682933436908,-1.1569213707891823,0.40966173248405713,0.13721672279557628,0.35839853381332076,-0.12971726791478438,2.7610139490637415,-1.397166886765427,0.811
0.5481883621552572,-0.04940684052507113,-0.17655671266413175,-0.10967032946334006,0.644957634707354,-0.2333198607620741,-0.8415907134145979,0.6019005115704453,3.781
-1.2254183946725166,0.8998913282727384,-0.7846291149565258,-0.17660393373209224,0.9488562990312809,0.40063271380339543,-0.7853732154305417,0.6518771965288392,0.901
-0.886546005437195,-1.0778131900560315,-0.5087880472300761,0.002161923951373088,1.8103588189165274,-0.3278807424920839,1.0838585925393653,-1.3771762127820724,1.333
0.6570779598709041,0.5043504246069844,0.31410665931636417,-0.058749564041523525,-0.576112674197794,0.09565268695754706,-0.6776230109610967,0.5019471416536503,2.202
-0.862610196800326,-0.6822722863902775,-0.14582251840103358,-0.10573315561226389,0.2196820263741709,0.7220348415783043,0.49357486370676434,0.02217096605303693,0.589
-0.8703094612852706,-0.2076232019913727,-0.0796876511068509,-0.10082933142448453,0.992661511906802,0.18452258357522744,1.06511942654468,-1.37217854428623,1.224
-0.42390924900510907,0.34613406314068285,-0.661267590187982,-0.04069756449442412,0.6851124131765816,1.4013603452433818,-0.8978082113986573,0.8467862678665871,1.774
0.9670912012749023,-0.9195968285897299,0.387435009364006,-0.38468841483124105,-0.6911013579960366,-0.23330604098685923,-1.221058824806986,1.2615927530212798,2.78
-0.2560967088026405,-0.8404886478565791,0.15260317522452732,0.22323090734516116,-0.6117044096591548,0.1598288040898135,-0.04517615864045438,1.8263292930511614,0.675
-0.3976165226687672,-1.236029551522333,0.46756879650958844,0.02740770652417736,-0.45564833879011124,-0.12414793782093438,0.7980863111204076,-0.04779639288871889,1.198
-0.49582142681347013,-1.7106786359212378,-0.02591584870631319,-0.08037748401314103,3.999706854091004,0.30834402419835727,0.9245756815845347,-0.6924956288520338,1.278
0.904344814520047,0.02970134020807966,0.1683984340565925,-0.19913691026686586,0.10834377698222168,-0.11859466391827929,-0.6588838449664113,0.6518771965288392,3.169
-0.6962118072175414,1.6118649548710955,-0.32957900532327666,-0.5445813179047783,-1.230453041525889,1.2227115906174497,-0.7244709259478118,1.14164870912113,0.75
-1.0126672903334322,1.453648593404794,0.17685210432821594,0.3355372625068575,-0.9493695922412958,0.6378682834254624,-0.7432100919424972,0.9117559583125007,0.926
0.2923842278391352,0.662566786073286,-0.07828993555573442,-0.24996303892838556,-0.48302659683731186,-0.19727035156737094,1.0791738010406948,-1.3671808757903878,1.966
-1.1322415816200226,1.2163240512053415,-0.1691617043836862,-0.2772450165082308,-0.8380313428493467,-0.20262486981010175,1.0323258860539797,-1.347190201807033,1.479
-1.1370601689167226,-0.12851502125822192,-0.7003190110879084,-0.16951201431864651,-0.5268318097128328,-0.6809531084787674,-0.8790690454039687,0.746832897949792,0.675
0.8423316910494717,-0.12851502125822192,0.28548778510164835,-0.2735401486061407,0.5646480777688988,0.15605066566031606,-0.757264466438512,0.746832897949792,2.768
-0.6119389054741671,1.2163240512053415,0.13891354636354392,-0.08468127718112244,-0.023071861644341326,-0.17191082270689106,1.1072825500327212,-1.1073021140067265,1.102
-0.47675658142217847,-0.6822722863902775,0.1954018722385217,-0.11584332846507865,-0.8352935170446266,-0.021299041095757122,0.19843299929046218,0.2920450648283828,0.73
1.3638913899683796,0.662566786073286,0.5553007820569579,-0.20076729144892239,-0.23114662280306608,-0.23055733043821078,-0.6963621769557854,0.5469261581162091,5.00001
-0.7616817433140101,0.8207831475395876,-0.23971988352478088,-0.024818097158480698,-0.650946579526809,0.30705397239138427,-0.8134819644225715,0.6618725335205167,1.019
-0.09886411027336156,-0.5240559249239759,-0.6172920708920923,0.037272913633733494,4.781812425639369,-0.2586343399244157,-0.8462755049132684,0.6118958485621226,3.613
-0.2756853136827039,-1.0778131900560315,-0.039027571883870876,0.03374191805752103,1.3056862622464624,0.14148405119596721,-0.7057317599531264,0.8467862678665871,2.221
-0.7060584856064503,-1.3151377322554838,-0.15302812804844063,-0.051297971691534626,0.3876020090636681,0.724290459860794,1.111967341531395,-0.8524210207189072,0.99
0.8880035184703683,-0.9195968285897299,0.3974100874997553,-0.22918609625717412,-0.1791279325133849,-0.03228512353973184,1.0838585925393653,-1.2022578154276793,2.006
0.8664770034818494,0.5834586053401353,0.3012104742906361,0.1934009611228071,-1.155619136196874,-0.0994031413949532,0.9667388050725793,-1.3022111853444742,2.625
0.5270808547577561,-0.8404886478565791,0.1527356846002944,-0.12247227712066713,0.19686681133483705,-0.01943791634537941,-0.8603298794092833,0.8267955938832252,1.663
-1.0323082711623728,0.662566786073286,-0.5117443441212118,0.014425446348770223,0.967108471062748,0.4167014102615939,-0.7713188409345269,0.6618725335205167,1.034
-0.6158671016399551,-0.28673138272452353,0.09367871657977644,-0.23775215380192258,-0.5523848505568868,0.02208997826705179,0.3389767442506042,-0.12276142032630984,1.014
0.2531022661812539,0.662566786073286,-0.05105993173829109,-0.2631629900346673,-0.7723235235360651,0.14567350665925521,-0.8134819644225715,0.7218445554705951,1.776
0.13525638120761058,-0.6822722863902775,0.09917115867197099,-0.20045889357545946,-0.17182706370079806,-0.14875689675684775,0.9807931795685941,-0.9073953741731434,3.224
0.12216239398831666,-0.7613804671234283,-0.012809547804266044,-0.2831884968363089,-0.32788313456984164,-0.13666918897598704,1.2946742099795785,-1.6270596375740563,2.046
-0.24719279749352085,-0.12851502125822192,-0.7872916243514941,-0.044444983713151136,1.2226388795032872,-0.463211814466261,0.8261950601124339,-1.2622298373777576,3.519
-0.8573726019126087,0.5043504246069844,-0.3232292348858908,-0.06978922373665489,0.37938853164950787,0.16114149143510817,-0.8087971729238976,1.066683681683532,1.133
0.7135916087093758,-0.2076232019913727,0.05910102609982966,-0.2761216639690291,-0.04314925087895512,0.042828096810153475,-0.8603298794092833,0.7668235719331539,2.346
-0.8625578208514489,0.10880952094123046,0.8046257696279165,0.1451635317434203,-0.19190445293541186,0.4000500634049964,-0.7104165514517969,1.1266557036336105,0.932
1.2808755109980572,-1.3151377322554838,0.44596216876225986,-0.07978070297669006,1.7382627393922323,-0.012030599126961732,0.9526844305765644,-1.1522811304692853,3.397
0.05857799205142611,-1.236029551522333,0.15213183087822046,-0.1271264817355822,-0.05592577130098208,-0.1408762089973806,1.397739622950353,-0.8774093631981043,1.617
-0.872771130882498,0.8998913282727384,-0.8276088931294435,-0.057365142977096814,0.6531711121215141,0.21577585600210375,-0.7525796749398415,0.6218911855538001,1.271
-0.3375936852555248,0.5043504246069844,-0.44510289483741117,-0.08028740385669532,-0.04588707668367518,-0.15516929267292293,-0.8696994624066277,0.6368841910413197,2.547
0.43317077842098123,0.5834586053401353,0.2165938531107704,-0.1722817636265764,-0.46477442480584474,-0.17667627303444902,-1.3334938207751015,1.2465997475337602,1.741
0.16332988980577604,0.42524224387383364,-0.18242788586901304,-0.2340882471918736,0.12294551460739535,0.2859200677495179,-0.9352865433880281,0.8267955938832252,2.201
-0.09168860527718857,1.3745404126716432,-0.2964710992505488,-0.046152144572775104,-0.005732298214447595,-0.18642335872914717,0.9995323455632795,-1.4571389087155056,3.328
-0.0980784710402039,0.34613406314068285,-0.062407293387663335,-0.41734700859495316,-0.17273967230237142,-0.12829469582048986,1.2525110864915372,-1.3621832072945528,1.615
0.29589341641390565,0.5834586053401353,-0.1335298430689939,-0.21405643617813777,-0.31419400554624133,0.0034583154833027962,0.6106946511735505,-1.2272461579068832,2.638
-0.32303317146767013,1.849189497070548,1.1378265699080912,0.9528125552210244,-0.7686730891297717,-0.4655927579007432,0.42330299122669,-1.1672741359568048,5.00001
1.7342941004277608,-0.7613804671234283,0.6858268761017792,-0.1265509021816889,0.4222811359234555,-0.1306801985701008,1.0229563030566353,-1.2622298373777576,3.699
-0.8048919011376793,1.05810768973904,-0.32763120392198447,-0.20985210793699666,0.23702158980406463,0.14255748134875865,0.7793471451257222,-0.44760987255589196,0.756
0.7932554269515588,0.5834586053401353,-0.030303266020325664,-0.18991697852394487,0.5609976433626054,-0.2828241103974319,0.8261950601124339,-1.272225174369435,4.409
0.5404367217214358,-0.04940684052507113,0.15340436399215565,0.03575888140595096,0.2936033231016126,-0.0247881876952888,0.9433148475792201,-1.417157560748789,2.735
0.8525973770293979,1.3745404126716432,-0.021709844493015218,-0.5619526540182525,-0.5396083301348598,-0.25086567017938355,1.074489009542021,-1.3671808757903878,2.108
0.5149820105671286,-0.28673138272452353,0.12755485858695015,-0.21405643617813777,-1.2222395641117287,-0.12815239706397816,1.2478262949928667,-1.172271804452647,2.5
-1.131822574029005,-0.2076232019913727,-0.20642624732513976,-0.04088470973193803,-0.4373961667586441,-0.24498971234437664,1.8146860663321118,-0.9873580701065766,0.536
-0.7186287133369723,0.42524224387383364,-0.1057749289364316,-0.036926745571972834,-0.3607370442264824,-0.09408244159534966,2.10514313924974,-1.2672275058735998,0.823
-0.48990294459034944,0.42524224387383364,-0.5504620635032872,-0.22833159718294294,0.9625454280548812,-0.09044417209508007,0.9479996390778939,-1.2572321688819155,1.505
-0.6158671016399551,0.26702588240753206,-0.0488694637465534,-0.056855577795954945,0.13298420922470225,0.09832822137912824,0.54510757019215,-0.05779172988039626,0.68
0.833742035433615,-0.8404886478565791,-0.0722761162108179,-0.3838074865463878,0.0362476974579267,0.2777816845394956,-0.9118625858946688,0.8517839363624293,2.258
-0.11300561647019862,0.5043504246069844,-0.26873391067759156,-0.12105159932864999,0.009782048012299427,0.06233389290274597,-1.1367325778309,1.1066650296502485,1.256
0.44196993783234656,-0.5240559249239759,0.5382802289033995,-0.07869608477635516,0.3876020090636681,0.011946131017015381,-0.7760036324331974,1.2965764324921611,1.959
2.4207332864120152,-0.2076232019913727,0.281571328617411,-0.2888429204928681,0.039898131864220115,-0.2693686022760848,-0.7151013429504708,0.6118958485621226,5.00001
-0.6294848483480204,-0.5240559249239759,-0.021836642729979972,0.06994413539114232,1.5438771072571078,0.3621131489463388,0.9152060985871937,-0.7074886343395533,0.821
-1.3106340634956801,-0.9987050093228806,-1.15576384070256,-0.23634286492526593,-0.7276057020589708,-0.7021472014992831,1.0932281755367064,-1.222248489411041,1.563
-0.33696517386899855,-0.9987050093228806,-0.43759003341563274,-0.14133163850626776,0.020733351231179677,-0.38874035670896184,1.1025977585340507,-1.2272461579068832,0.911
-1.149473268800613,1.849189497070548,-0.5028532256516302,-0.23597900486408843,-1.109988706118206,-0.3542070400358745,1.0463802605499946,-1.3571855387987104,1.388
-1.486355371978602,0.10880952094123046,-0.9887208269181028,-0.004677326779270235,0.27900158547643894,0.29914182662052186,-0.7666340494358563,0.6468795280329971,1.425
0.007144810254040657,-1.7106786359212378,0.07815562888735131,-0.105222420846438,3.165582592252958,0.11019502432973151,-0.1622959461072405,0.28704739633254056,0.809
0.6750429103357751,1.2954322319384923,-0.16053482606287522,-0.32230974046457617,-0.7330813536684109,-0.23371490948176776,0.6200642341708915,-1.2272461579068832,2.664
0.3203006085906695,-0.6031641056571267,-0.07757249108953235,-0.14447225055147642,1.0173019441492825,-0.16474622182050921,-0.8228515474199125,0.7968095829081931,1.605
-0.5068203760776768,0.26702588240753206,0.24636836071156099,-0.09335914790717371,-0.8699726439044141,-0.13246452904501074,1.1213369245287361,-0.7624629877937895,1.875
-0.2593440176330255,1.05810768973904,-0.20198026947792963,-0.2073635647413057,0.369349837032201,-0.046564673575820385,-0.7338405089451562,0.7368375609581147,2.432
0.2749430368630357,-0.2076232019913727,-0.17667068024078708,0.03002892664035678,0.6194045938633,-0.29848949923567764,0.8496190176057932,-1.3222018593278362,3.338
0.795350464906646,0.34613406314068285,-0.07065182144131027,-0.2997074022069683,-0.676499620370863,-0.2921018384658678,-1.3288090292764276,1.1716347200961692,3.324
-0.4097677428082718,-1.0778131900560315,-0.41042083968978776,-0.3074656418834926,-0.4355709495554974,-0.22735501073715872,0.32960716125326317,-0.03780105589703441,0.919
0.0038975014236557045,-1.8688949973875395,0.8716052614717255,0.77281561922112,-0.7376443966762777,-0.19259985095823987,-1.0383519563587993,0.9317466322958625,5.00001
-0.020352562906476284,-1.3151377322554838,0.19500078400533835,-0.17806011969379923,1.680768397493111,-0.03336862586817168,-0.7713188409345269,1.0516906761960123,1.455
-1.0388552647720195,1.05810768973904,-0.6145679867837422,-0.12993188043747164,0.10104290816963485,0.7049382445977193,-0.747894883441171,0.6968562129913981,1.192
0.805563774937695,-0.04940684052507113,0.2325704566196314,-0.28654885655683354,-0.4145809517193103,0.007027056629553179,-0.8603298794092833,0.8767722788416263,2.342
2.132194184047658,-1.631570455188087,1.0894556740965753,-0.11088412140188428,-0.13988576264573066,0.2674405578817244,-0.7104165514517969,0.9467396377833821,3.454
-0.1139483835499879,-1.5524622744549363,0.15697690726358454,-0.1711739664930445,-0.18004054111495826,-0.21587574605577645,0.7934015196217371,-0.4426122040600497,1.172
-0.4356414615535961,-0.6031641056571267,-0.6082904539924676,-0.19622729318043522,-0.475725728024725,-0.45965594957291683,-1.361602569767128,1.2116160680628858,2.438
0.6256000145957219,-2.106219539586992,1.4211694816513085,0.9712741741518833,-1.0853482738757256,-0.1091383390818187,1.3040437929769226,-1.1322904564859233,1.665
0.1876323300847853,-0.04940684052507113,0.07738396803154703,-0.25099188141406603,-0.4145809517193103,-0.07601356185215416,0.3858246592373193,-1.0773161030316871,2.791
-1.0095247334008017,0.9789995090058892,-0.3329972984087359,-0.07440967364863227,0.6367441572931938,0.24468742084731193,0.9292604730832086,-0.7124863028353956,0.749
-0.008777478204620624,0.7416749668064369,-0.045418720165956245,-0.1322641113853776,-0.35161095821074884,-0.13628076207426013,0.9479996390778939,-1.2422391633943959,1.653
-1.031732135724724,1.849189497070548,-0.6415311107422956,-0.0014927313221356619,-0.4748131194231517,0.09972121129204899,-0.7151013429504708,0.7018538814872333,1.651
-0.764038661013483,0.34613406314068285,-0.047428676319196936,-0.0658901098868853,-0.7869252611612388,-0.08062811728456949,1.2712502524862226,-1.197260146931844,1.017
-0.9488210086521559,-0.5240559249239759,0.047736137548928075,0.06277343547762144,2.6025030850821986,-0.13662136633715646,2.793807489554442,-0.4825935520267663,0.479
-0.8169907453283067,-1.236029551522333,7.245710212627609e-05,0.044311605171560124,0.7471697980835696,-0.2239145267616363,1.4305331634410532,-0.6025375959269231,1.385
0.7584254209482377,0.5834586053401353,0.14048241229064418,-0.14014318854431318,-0.03128533905850151,0.097064758712227,0.9433148475792201,-1.4371482347321436,2.609
-1.464776481041206,0.8998913282727384,-0.5162275775868063,0.11366738722878554,0.08461595334131447,-0.04319199994875742,-0.7151013429504708,1.146646377616965,0.658
0.12540970281870137,0.5043504246069844,-0.14278225615197163,-0.24519283807992265,-0.15266228306775761,0.03276274894086377,-0.7338405089451562,0.8317932623790675,1.852
-0.5900457588435077,-0.7613804671234283,-0.5584110828473984,-0.13775770179824975,-0.06870229172300904,-0.18521845408889376,-1.3288090292764276,1.2266090735504054,1.774
-0.9918740386291938,-0.12851502125822192,6.410696704623777,7.62043439994308,-0.1134201132001034,-0.28036429839762655,-0.6588838449664113,1.3215647749713582,1.535
-0.6525826418028547,-0.4449477441908251,-0.42095033433771584,-0.34043359683832386,-1.207637826486555,0.004963904395120889,-1.3194394462790866,1.3065717694838386,1.125
0.1876323300847853,1.2163240512053415,-0.6490967949616508,0.08756787091476963,-0.7047904870196369,-0.5729509717346305,-0.8837538369026425,0.7268422239664373,4.393
-0.2706572225904952,1.3745404126716432,-0.30130268384429343,-0.12218356609293647,-0.2594374894518401,0.33503005538142483,-0.7853732154305417,0.6418818595371619,0.985
1.4949360140590713,-1.8688949973875395,0.6370455242034231,-0.2891353407638934,-0.22932140559991937,0.08230746381674416,-0.747894883441171,1.2216114050545632,2.041
-0.721561766474094,-0.7613804671234283,-0.14554328586684429,-0.07568415518410332,0.7097528454190621,0.3274935273416352,0.42330299122669,0.09213832499479274,0.674
0.19580297810962463,1.849189497070548,-0.24093388693062695,-0.07868903034903606,-0.29959226792106763,-0.3096596670466483,0.7980863111204076,-1.1822671414443244,2.361
-0.08514161166754161,0.662566786073286,0.8646083298162399,1.6066314716381023,-1.1318913125559666,0.06766275111269832,-0.7104165514517969,1.6564085641926176,0.658
-1.2486209400251052,0.5834586053401353,-0.3573612706339245,-0.07738902325045548,-0.05227533689468866,0.2200005201176301,-0.7947427984278828,0.6418818595371619,0.996
0.036370589727504066,0.8207831475395876,-0.05949285548130462,-0.2766315351458027,-0.3981539968909899,0.10101905952736279,-0.7853732154305417,0.7618259034373117,1.758
-0.6988306046614,-1.3151377322554838,-0.09930269854835341,-0.10725202888979694,-0.11889576480954352,-0.20525247532681043,-0.15292636310989613,0.2770520593408632,1.002
0.4004358103727469,1.849189497070548,-0.774180524281707,-0.4527688507584894,-1.1966865232676749,0.5193227560369502,1.0042171370619501,-1.4021645552612694,3.5
-0.9948594677151927,0.9789995090058892,-0.8534267768900525,-0.07943011359496284,-0.519530940900246,-0.30765503342756406,-0.7010469684544559,0.7218445554705951,5.00001
0.09487452462330839,-0.9987050093228806,-0.0622021852841715,-0.12115214509821719,-0.8854869901311611,-0.21377855854307437,-0.8462755049132684,1.5364645202924607,1.0
0.24493161815641462,-0.9195968285897299,-0.2880075610374596,0.025356014808607493,-0.6883635321913165,-0.42096442921316674,-0.8415907134145979,0.5969028430746031,3.49
1.124847559292953,-0.9987050093228806,0.3304626589861351,-0.3356646473794489,-0.23023401420149273,0.30773017318877577,-0.827536338918583,0.8068049198998705,3.216
2.039331626688427,-1.0778131900560315,0.94055957911572,-0.17244071257090945,-0.1508370658646109,0.03792679013937874,-0.9118625858946688,0.7768189089248313,3.953
0.06083015785314496,-1.4733540937217855,0.8167082473360614,0.9285701852048822,2.178140085350589,-0.22507090185410097,-0.8978082113986573,1.6014342107383814,1.345
1.2114773787358004,-0.4449477441908251,0.7249532406484782,-0.23853976075048158,-0.3479605238044554,0.005354242261147677,0.9761083880699203,-1.172271804452647,2.75
-1.0066440562125571,-1.3151377322554838,-0.45848541186185926,0.0869948892161908,1.8395622941668746,0.2934461894657927,1.1025977585340507,-0.8524210207189072,1.123
1.9793611652240617,-0.9195968285897299,0.8765133607678588,-0.19553564539173127,0.6121037250507132,0.2766188692602312,-0.9024930028973278,0.8267955938832252,3.195
-0.3504781686793098,-1.3942459129886347,-0.20728819921780767,-0.08059449529912328,0.35566070800860067,-0.08909268202659092,-0.15292636310989613,-0.6225282699102779,1.832
-0.33377024098749086,-0.12851502125822192,-0.1934864640946287,-0.15240223638586173,0.20051724574113045,0.28384773707903777,0.45141174021871977,-1.122295119494246,1.312
-0.5707190337078304,1.453648593404794,-0.6627426927074456,0.09157535822181023,-0.45929877319640466,-0.437069898820452,-0.7291557174464823,0.6168935170579649,2.806
-0.914095754546589,-0.5240559249239759,-0.4020775358824559,0.007862140190530836,2.827917409670817,-0.18356286545175962,-0.7010469684544559,1.166637051600327,0.888
-0.2800325174395095,1.849189497070548,0.619102540111133,-0.2640194996949556,-0.9247291599988153,-0.2411012077267443,0.994847554064609,-1.3371948648153558,4.054
-0.779018182392355,0.5834586053401353,-0.006857009084224852,-0.06189236752489498,0.5564346003547386,0.19952324491414036,0.05788925433032019,0.17709868942406817,0.725
0.029718844220103,0.26702588240753206,-0.3468140965104663,-0.2698593382878303,-0.7841874353565187,-0.21723696274766416,-0.818166755921242,0.6168935170579649,2.3
-0.11787657971577593,-1.7106786359212378,0.14097912631390513,-0.19716027616246845,2.795063500014176,-0.10350217199994914,-0.05923053313646591,-0.5875445904394035,2.506
-0.008777478204620624,-0.4449477441908251,17.794167457876178,19.702300964079836,-1.2414043447447691,-0.52051621971464,0.6903361066509625,0.12212433596983197,1.25
0.14368890897683562,0.18791770167438127,-0.062487004847099036,-0.06472290527754726,1.1085628043066178,-0.21728113748290415,-0.7197861344491413,0.7118492184789177,3.644
0.154897362036551,-1.7897868166543887,0.14132065624523713,-0.1444319819255352,0.5810750325972192,0.09388109601302445,0.5591619446881648,-0.897400037181459,2.176
0.6315708727677198,0.42524224387383364,-0.44304730682903526,-0.03970115125081076,-0.06596446591828897,-0.4654773735334521,-0.8322211304172569,0.5919051745787608,4.698
1.1420268705246663,-1.9480031781206901,0.15756127203198061,-0.28089591226063615,-0.6856257063865965,0.013654954408512807,-0.9306017518893576,0.9967163227417761,2.608
-0.6307418711210727,0.8207831475395876,-0.714671623450741,0.09060830810289783,-0.6080539752528614,-0.46818623518823527,-0.569872806491655,-0.05779172988039626,3.206
1.4943598786214225,1.2163240512053415,0.8761592489805359,0.03439934226263602,-0.6034909322449946,-0.1539897855677353,-0.5605032234943106,-0.07278473536791587,4.156
-1.0951594098149828,1.5327567741379449,-0.6243382352860093,0.5671841933575578,-0.8024396073879858,0.49543956272182416,-1.3803417357618133,1.2216114050545632,0.865
-0.4334416717007548,1.5327567741379449,-0.7775511775091848,-0.20007544877321456,-0.5843261516119541,-0.5328306141152857,-0.7197861344491413,0.6268888540496423,3.429
0.19124627055731033,1.849189497070548,-0.2187154457948671,-0.12472538706282951,-0.4702500764152849,-0.45272402709061427,0.9901627625659352,-1.4221552292446311,4.554
-0.6995114919968034,-0.12851502125822192,-0.7845854126650844,-0.23766535630146915,-0.35161095821074884,-0.2859979963996895,-0.6776230109610967,0.5669168320995639,1.905
0.16715333407380972,-1.1569213707891823,-0.1827934787123776,0.1880821699226082,-0.20011793034957204,0.055423944894236556,-1.2725915312923715,1.2216114050545632,1.712
-0.05114962084625523,0.662566786073286,-0.2683495305695879,0.11315657298611141,-0.17273967230237142,-0.204929562814304,-0.6963621769557854,0.6268888540496423,2.478
-0.15841556414670926,1.5327567741379449,0.06666363500510943,0.359946698118127,-0.8781861213185742,0.24047416105451153,-0.7104165514517969,0.6768655390080363,2.125
0.1440031646700984,-1.3151377322554838,0.5041506768260989,0.020369705764721392,0.6969763249970351,0.026777929176244216,-0.4480682275261983,0.7068515499830755,1.719
0.5902462491036289,0.02970134020807966,-0.1494077657320819,-0.4743265798285211,-0.04314925087895512,0.031410897126464596,1.06511942654468,-1.3671808757903878,1.406
-0.6190620345214627,1.453648593404794,-0.4412421473386414,0.10292234383839441,-0.4337457323523507,-0.15498154458267369,-0.7104165514517969,0.6818632075038785,1.738
-0.12568059609847496,-0.28673138272452353,-0.254518224669976,-0.17607946113126355,0.36204896821961413,-0.2793383577323045,1.0932281755367064,-1.3571855387987104,1.643
0.45679233136458697,-0.2076232019913727,-0.2804556093707905,-0.20139389159332557,1.3166375654653426,1.1322810641822014,-0.8978082113986573,0.8367909308749097,1.799
-0.3422551447055932,-0.8404886478565791,-0.3921547346450585,-0.16820618581666802,0.2981663661094794,-0.12266521818483393,-0.7197861344491413,0.8517839363624293,1.57
0.20549252865190173,0.10880952094123046,0.1754474166637553,0.12250937027979882,-0.4519979043838178,-0.2258336199705918,0.9526844305765644,-1.2822205113611196,2.134
3.212814761281531,0.10880952094123046,1.1325791056432806,-0.1424427118040321,-0.8425943858572134,-0.07433500735127425,0.7980863111204076,-1.2522345003860802,5.00001
-0.748221124452576,0.5043504246069844,0.04097545520130182,-0.243567586332302,-0.5825009344088075,-0.33858411093791796,1.3883700399530086,-0.9023977056773012,1.569
2.035089174829376,0.34613406314068285,0.427640979226949,0.42646383151572437,-0.9347678546161222,-0.2008971123105056,0.7934015196217371,-1.397166886765427,4.563
1.8489450525198963,0.18791770167438127,-0.25461579392789935,-0.13564724890721924,-0.8225169966225996,-0.4447006549708782,-0.7432100919424972,0.5769121690912412,5.00001
-1.078137226429901,0.8998913282727384,-0.1642497972683827,0.34293919784268245,-1.024203497570311,0.32588077237015767,1.0791738010406948,-1.3871715497737496,0.698
-0.8526063905647856,-1.0778131900560315,-0.631438315811109,-0.27519010332676436,-0.797876564380119,-0.3062167312793421,0.5497923616908205,-0.06778706687207363,0.525
0.6076350641308509,0.7416749668064369,0.02704709662560778,-0.25688191919255304,-0.5870639774166743,-0.1542242712263061,0.9667388050725793,-1.247236831890238,2.27
-0.7078916438171514,1.05810768973904,0.3113509482003402,0.1104432523920277,-0.7093535300275037,0.17401901238849896,0.8777277665978229,-0.6525142808853172,1.575
-0.8732425144223926,0.02970134020807966,-0.192149429683306,-0.08515173230474786,0.7937128367638107,-0.11012331202425461,1.3415221249662934,-0.9323837166523404,0.759
-0.6436263545448577,0.662566786073286,-0.17500178123816879,-0.24504314384001022,-0.7622848289187583,-0.053839607990320136,-1.361602569767128,1.2565950845254446,1.169
-0.5512351807255211,0.5043504246069844,-0.45250097643191245,-0.18703238924451307,-0.952107418046016,-0.23826747066420598,-0.7713188409345269,0.5869075060829257,2.72
-0.01752426166710892,1.849189497070548,-0.14509480072910938,-0.24041731631584537,-0.3087183539368012,0.15771358278882877,0.9667388050725793,-1.4321505662363085,2.616
2.0594963670061395,0.02970134020807966,0.4747252500789093,-0.12245748639730505,-0.7412948310825711,-0.24848750597172065,-1.0008736243694285,0.9217512953041852,5.00001
2.195673834086794,-0.9987050093228806,0.7707792880285587,-0.30086095057099294,-0.22567097119362597,0.005655866975804962,1.0229563030566353,-1.2022578154276793,3.72
0.9678244645591829,-0.9987050093228806,0.4696983484826457,-0.329740144782462,-0.9320300288114022,0.059767340785299654,0.6200642341708915,-1.0023510755940963,3.087
-0.06178193846832161,-0.8404886478565791,0.8192178177486864,0.8909765293295819,-0.4145809517193103,-0.3462323092371055,-0.10607844812318101,-0.6775026233645142,2.794
-0.08734140152038294,1.849189497070548,0.07854256802337944,-0.29611382869013353,-0.5523848505568868,-0.04874969093048051,-0.7853732154305417,0.6368841910413197,1.426
-0.23792225454226087,-0.04940684052507113,-0.2342575693941261,0.1440121856923896,-0.08239142074660935,0.5234658275892222,-0.6354598874730554,0.347019418282619,1.941
0.05323564526595439,-0.8404886478565791,0.12782363566423433,-0.2001957153315369,0.7179663228332223,-0.04487347280310326,1.3602612909609788,-0.8824070316939393,1.233
-0.6560394544287481,-0.6031641056571267,0.30022759147669315,-0.05406832853385953,0.13845986083414238,-0.06967971867016141,1.4586419124330796,-0.5875445904394035,1.485
0.21570583868295123,1.849189497070548,0.12052976360617179,-0.07799035986733761,-0.4875896398451786,0.003303194201479114,0.9714235965712498,-1.4321505662363085,2.618
0.15081203802413157,-1.7897868166543887,0.5247356473099053,0.07884599920405579,3.8929316477069213,0.2965627207915631,-0.7151013429504708,1.0566883446918545,1.41
-0.1718238070592662,0.8998913282727384,-0.4083892496295913,-0.02549080221466581,-0.21380705937317235,-0.5279269331006169,-0.7010469684544559,0.6218911855538001,4.974
0.16662957458503827,-0.6031641056571267,0.3244723488236585,-0.01669577845422516,-0.12163359061426358,0.1819210752254941,-0.7806884239318712,1.0416953392043349,1.387
0.07010070080440471,-0.04940684052507113,0.20073220247442272,-0.10824600830205065,0.23702158980406463,0.27404696344734675,-0.7994275899265566,1.0466930077001773,1.271
0.5575112810553945,1.2954322319384923,-0.1347159659175504,-0.14163806321555905,-0.9402435062255623,0.6217124850169743,-0.8556450879106128,0.6868608759997208,1.657
0.3709481511548973,0.10880952094123046,0.31006958112678285,0.23528457950252368,0.022558568434326385,-0.250370287877303,-0.6963621769557854,0.5569214951078865,3.925
-0.37912781271512447,-0.6031641056571267,-0.14702657886465145,0.07271186930241573,-0.6956644010039034,-0.6395787986043509,-0.949340917884043,0.9317466322958625,1.1
-0.1967547587248015,1.2954322319384923,-0.3111956659765182,0.0013516001977996288,-0.33974704639029524,-0.07755674130872832,-0.7525796749398415,0.6118958485621226,1.57
0.9112060638229568,0.42524224387383364,-0.35890259796814794,-0.07633773545870423,-0.33974704639029524,-0.3010964678305279,-0.949340917884043,0.8267955938832252,4.846
-0.15841556414670926,1.3745404126716432,-0.04321061110636587,-0.12473516070058822,-0.44287181836808426,-0.3828955064207903,1.3696308739583232,-0.922388379660663,1.42
-0.9534300921533473,0.18791770167438127,-0.5803756958714127,0.08541913847721229,-0.22475836259205262,0.25867512988739483,-0.7760036324331974,0.5569214951078865,3.0
0.13090917745080496,0.7416749668064369,-0.1964939156052452,-0.04412556478195549,-0.45291051298539114,-0.1428815242845988,0.9807931795685941,-1.4121598922529466,2.708
-1.1685381141919047,-0.9987050093228806,0.4919225450134953,1.764743842580039,-1.2222395641117287,-0.3057637134152229,1.903697104806868,-1.5770829526156553,0.14999
1.1875939460478089,1.3745404126716432,0.5620436003595399,0.12420413426976432,-0.11980837341111687,-0.08800053218937978,0.9854779710672646,-1.442145903227986,3.817
-1.034455685066337,0.7416749668064369,-0.20117757597871322,-0.16034614289755889,-0.6774122289724362,-0.2215451038019493,1.4024244144490234,-0.9123930426689786,0.644
-0.9097485507897836,-0.4449477441908251,-0.6898777606286406,-0.24151217715223583,-0.7157417902385171,-0.3871202219136444,-1.422504859249858,1.2465997475337602,1.188
1.8188288819155207,-0.9987050093228806,0.6152799456986764,-0.18319953519109033,0.2990789747110527,0.07900265822565854,0.887097349595164,-1.3421925333111908,4.197
1.5401364579400731,0.34613406314068285,0.4501382264298571,-0.23532783945757504,-0.7714109149344918,-0.039184678475455266,0.9854779710672646,-1.2772228428652772,2.559
-0.23692711151359455,-1.3151377322554838,1.7029900410559389,1.9717189773271673,1.0255154215634428,-0.4000360505163459,-0.8603298794092833,1.5314668517966257,1.622
-0.41793839083311113,0.26702588240753206,-0.28948207259072634,0.0555481732302592,-0.7787117837470786,-0.3047585467190713,1.219717546000837,-1.2272461579068832,1.104
-0.9646385452130629,-1.3942459129886347,-0.7390368966776059,-0.08037748401314103,-0.03676099066794164,0.049415580578265776,-1.3569177782684574,1.2366044105420828,1.0
0.12048636362424725,0.5043504246069844,-0.20079995319427502,-0.14853505111675697,-0.056838379902555435,-0.32721145516376593,-0.6963621769557854,0.571914500595406,3.285
-1.3088009052849792,1.849189497070548,-0.1787719574353667,-0.3139825632117732,-1.1848226114472213,-0.012125962132471954,1.06511942654468,-1.3871715497737496,1.042
-0.19947830806641453,0.02970134020807966,-0.23139121310534735,-0.13035208301359916,0.31550592953937306,-0.1714056749361216,-1.1461021608282411,1.1766323885920043,1.66
0.6567637041776409,-1.8688949973875395,0.36856529555210027,-0.16363452820045138,1.683506223297831,0.15958788563883958,-0.19977427809661125,0.22707537438246925,1.182
-0.9505494149651027,-0.9195968285897299,-0.5937426842069318,0.23949715152452986,-0.1134201132001034,0.2762132360232784,-0.8743842539052982,0.7018538814872333,1.0
0.03883225932473136,-1.631570455188087,-0.42947421095746746,-0.16460450374589092,-0.49124007425147204,-0.2934223945276904,-0.5792423894889993,0.027168634548879165,2.974
0.6596443813658858,-2.106219539586992,1.3248563042038126,0.3611205517405205,2.931042181648606,0.0981516909492148,-0.818166755921242,1.1266557036336105,1.878
-0.10603961526953454,1.849189497070548,-0.9811375871098454,-0.031007903024594653,-0.3461353066013087,-0.5915326639242628,1.0089019285606207,-1.4221552292446311,4.75
0.8895747969366836,0.7416749668064369,0.6093953075261549,-0.25756857250670817,-0.39267834528154977,-0.1873526425230036,0.8777277665978229,-1.3571855387987104,4.17
0.0664867603318797,-1.3942459129886347,-0.23696659927240454,0.13094398781390312,-0.5250065925096862,-0.3782419422946661,-0.9212321688920132,0.9017606213208234,2.356
-0.00018782258876395386,1.849189497070548,0.08515008081171149,-0.1311061762853517,0.1640129016781963,-0.3788108325351675,1.3743156654569937,-0.9373813851481756,1.816
-1.2345318097771452,0.18791770167438127,-0.18384219439021893,0.1934009611228071,-0.42735747214133724,0.4920101180821328,1.0838585925393653,-1.3871715497737496,0.804
-0.45936776639495647,-1.0778131900560315,3.9426826114591793,4.930824288593122,-0.6399952763079287,-0.10198333476684797,1.6975662788653256,-0.49758655751428593,1.188
-0.2952215426138902,-0.28673138272452353,-0.13849219376193456,-0.15888053296855406,1.0054380323288288,0.4640116582820662,-0.8650146709079571,0.7968095829081931,1.808
-0.41249129214988484,-1.7106786359212378,0.01467478231111597,-0.02155494256190312,0.9187402151793602,-0.11421593389305457,0.8683581836004786,-0.6425189438936397,1.225
-0.7063203653508361,0.02970134020807966,-0.8008075836403765,-0.02974966794260385,0.5527841659484451,-0.1522985464963798,-0.8228515474199125,0.7318398924622724,1.809
-0.2290183432331412,-0.12851502125822192,-0.06545913888472613,-0.26004690137251746,0.30637984352363956,-0.11338074174352626,-0.7994275899265566,1.3015741009879964,0.898
-0.7250709550488648,-0.9987050093228806,0.7486523178918882,0.776661926924772,-0.4857644226420319,-0.27440971328396985,2.672002910588985,-0.46260287804341155,0.691
-1.1872363279410563,1.5327567741379449,-1.2332972649646143,-0.03168608218196883,0.1694885532876364,0.15857959730698565,-0.7244709259478118,0.6268888540496423,2.375
-0.3761423836291255,0.8207831475395876,-0.036002646664437976,-0.26507412900401767,-0.42735747214133724,-0.1848237216262766,-0.10139365662451051,0.28204972783670545,0.707
-0.3797563241016505,0.9789995090058892,-0.8108930880683345,0.03692624270307305,-0.7686730891297717,-0.1013137876699454,-0.5745575979903255,-0.05779172988039626,3.625
-0.98118934505825,-0.6822722863902775,0.4993981038319993,1.0245686945780736,-0.8562835148808138,-0.2029637902577837,-0.46212260202221317,1.0416953392043349,0.849
-0.07665670794943928,0.34613406314068285,-0.12399990767031209,-0.15212882530030825,0.43779548215020253,0.5347985784253465,-0.7619492579371825,0.9217512953041852,1.164
-0.12033824931300323,-0.4449477441908251,-0.5676163539397118,0.09795356628165758,-0.38994051947682973,-0.37706834927915434,0.7606079791310368,-1.1772694729484823,2.119
-0.5616579945520791,-1.631570455188087,0.11913514945382263,0.04999416765934595,-0.7467704826920112,0.18066054848501592,-0.8415907134145979,1.1716347200961692,1.363
-0.871514108109446,-1.236029551522333,0.17651236641144097,0.23739818990601444,0.4387080907517759,-0.050741661451961705,0.4888900722080905,0.23207304287830438,0.905
-0.9048775875442062,0.18791770167438127,-0.6457433288350152,-0.2032603973277703,0.3611363596180408,0.6834975429354679,-0.8041123814252271,0.7018538814872333,1.229
-0.24776893293116983,-0.9195968285897299,1.802555807955742,2.6556819391030446,-0.488502248446752,-0.3436648949512732,1.5757616998998658,-1.5820806211114975,2.005
-0.9967973778236482,-0.9195968285897299,-0.7975317718591828,-0.10342393839089833,-0.15813793467719775,-0.3729993906727536,-1.3569177782684574,1.2316067420462407,1.192
-1.141407372673528,-0.12851502125822192,0.11795109894949382,0.1923998372965149,-0.8763609041154276,0.0746464064391442,2.01144730927631,-1.2072554839235214,0.582
0.7988596534814164,-1.3942459129886347,-0.20783918338473983,0.14514173970459948,-0.18369097552125166,-0.4361196752694525,-1.3007002802844012,1.1766323885920043,1.968
0.0485218098670087,0.7416749668064369,-0.02073993310872046,0.0881916020547787,-0.17182706370079806,0.7371760803617247,-0.9024930028973278,0.8517839363624293,1.653
0.05459741993676102,-0.28673138272452353,0.07358198152170303,-0.17688668304278882,0.3739128800400678,0.09068585703751277,0.9526844305765644,-0.7174839713312308,1.145
-0.8962355559794724,-0.6822722863902775,-1.1066514361841133,-0.20931380542488573,0.41589287571244204,0.5044692369760849,-0.7525796749398415,0.6518771965288392,1.8
3.3736089243344582,-0.5240559249239759,0.9576841488942724,-0.12214577387982073,-0.8252548224273197,-0.0754295663425381,0.8074558941177485,-1.2622298373777576,5.00001
0.14086060773746825,-0.6822722863902775,-0.06125545671810212,-0.24501337755022953,0.41771809291558876,-0.10462143179771116,-0.6401446789717259,0.3870007662493356,1.968
-0.1901030132174002,-1.3942459129886347,-0.17239637492303217,-0.3130347544187714,-0.3424848721950153,-0.049144193987151086,1.468011495430424,-0.8274326782397031,1.411
2.4921217047316047,-1.9480031781206901,0.6979832179992138,-0.1441731549580534,3.7149729704001175,-0.17169105563160228,-0.6823078024597705,0.39199843474517787,5.00001
0.7804756954255281,1.849189497070548,-0.3689978772464531,-0.07933754874170182,-0.7367317880747043,-0.39068796723364513,-0.7432100919424972,0.6168935170579649,4.409
-1.3323700822797078,1.05810768973904,-0.6071055753812755,-0.08663339556766043,1.0200397699540025,0.23178828391221498,-0.7806884239318712,0.6468795280329971,1.0
-0.6564584620197657,1.453648593404794,-0.6743229343387004,-0.28403727432872944,-0.2986796593194943,0.26019666892770493,-0.7853732154305417,0.6818632075038785,1.629
0.2639964635477065,0.34613406314068285,0.18858229805081375,-0.2974899014683577,-0.19646749594327861,-0.010333171296312586,-0.7291557174464823,0.9667303117667368,1.456
-0.663476839169307,0.18791770167438127,-0.40749598006536314,-0.35472625191298773,-0.23844749161565293,0.21277509514413476,1.0838585925393653,-0.8174373412480258,0.721
-1.1516730586534545,-0.6822722863902775,-0.7628592544473867,0.11329032168574671,0.21420637476473078,-0.21374131008558864,1.0089019285606207,-1.3371948648153558,1.15
0.9747380898109698,0.42524224387383364,-0.32644535238015104,-0.5209723977814469,-0.6089665838544347,0.13474732764498337,-0.8134819644225715,0.6318865225454845,1.805
0.04213194410399337,1.849189497070548,-0.2900963561023716,-0.05751387284780669,-0.6500339709252356,-0.4954397890030967,0.9901627625659352,-1.4021645552612694,2.909
0.16579155940300355,0.8998913282727384,-0.11441539353426472,-0.10304427985353642,-0.21563227657631906,0.2761417262125086,-0.827536338918583,0.6918585444955558,1.473
-0.6672479074884637,1.849189497070548,-0.8436571859921165,-0.1362989070319913,0.8247415292173047,0.06850944390920206,-0.7338405089451562,0.6518771965288392,2.031
-0.3033921906387295,0.02970134020807966,-0.1947109137162028,-0.3363237704753909,-0.7349065708715576,-0.18743544730728068,0.2640200802718627,0.13211967296151644,0.783
1.140874599649369,1.849189497070548,0.3424511165097544,-0.30033803180959023,-0.6646357085504093,-0.06931786179638648,-0.6963621769557854,0.7118492184789177,2.618
-0.8978068344457876,0.5043504246069844,-0.35707351131715653,-0.13716591106067705,0.24614767581979816,0.2572432639692404,-1.3943961102578282,2.041229038372271,0.755
-1.1253279563682355,0.10880952094123046,-0.523642752661388,-0.11776907567513871,-0.005732298214447595,0.4290381145572185,0.21248737378647706,0.18709402641575265,0.425
-0.6046062726313625,-1.5524622744549363,-0.4009175139997037,-0.06749257431432809,1.2801332214024086,-0.2570331621775005,1.1072825500327212,-1.1472834619734429,1.5
-0.5714522969921108,0.8998913282727384,-0.47493942973406944,-0.07221954518476366,-0.43009529794605733,-0.46937846008880507,-1.361602569767128,1.166637051600327,2.571
-0.025694909691948237,0.5834586053401353,-0.42795855311092446,-0.04396107086731651,1.1815714924324863,-0.4317365428872725,-0.7151013429504708,0.7168468869747529,3.197
-0.6243520053580573,1.849189497070548,-0.5462680341316302,-0.07925413147393928,0.18135246510809003,-0.35457985252832475,1.0229563030566353,-1.347190201807033,1.269
-0.1878508474156816,0.10880952094123046,0.032614384178945,-0.265209096445356,0.3465346219928671,0.046227468900403905,0.9152060985871937,-0.6775026233645142,1.029
0.08864178670692469,-0.12851502125822192,-0.1496387777297478,-0.1990325779178357,1.5347510212413744,-0.10325807544403544,-0.8087971729238976,0.7968095829081931,2.227
-0.06990021054428365,0.34613406314068285,0.06742931609326758,0.01434613989874345,0.2415846328119314,1.1232535966667767,-0.7385253004438267,0.8967629528249811,1.163
-0.24797843672667852,0.02970134020807966,0.6626834945258725,0.8021764144639302,-0.519530940900246,-0.10357536897503836,-0.5886119724863403,1.2266090735504054,1.041
-0.8871745168237211,-0.5240559249239759,0.5946822717322146,0.6688524944615186,-1.1729586996267676,-0.44666964518396757,1.3696308739583232,-1.3371948648153558,1.528
-0.9425882707357722,0.02970134020807966,-0.3440683099242719,-0.13682594910802384,-0.0732653347308758,0.6069713495902667,-0.176350320603252,0.33702408129094164,0.614
-0.5778421627551261,1.3745404126716432,-0.13834944975407143,-0.31003359255580476,-0.8152161278100127,-0.48028020553572637,1.3602612909609788,-0.9623697276273796,1.372
0.7113918188565345,-0.9987050093228806,0.6443748562680457,-0.1618874978923658,0.07275204152086087,0.1529705761231624,1.1025977585340507,-1.1372881249817657,1.617
-0.39971156062385416,-0.7613804671234283,-0.08620763149037361,-0.12287715846044361,-0.5706370225883538,-0.3555137266955716,0.9433148475792201,-0.6924956288520338,1.375
-1.198811412642912,0.26702588240753206,-0.7801150608884071,-0.24504314384001022,-0.5313948527206996,0.46125999846544685,-0.7947427984278828,0.6468795280329971,0.897
0.3617299841525146,-1.0778131900560315,-0.40013985966664234,-0.09032591762601865,0.9087015205620533,-0.35876205987461646,1.0557498435473356,-1.3571855387987104,2.561
-1.3888837311181794,-0.3658395634576743,-0.9755216601561618,-0.01580375288259146,0.1877407253191035,0.04692733005084328,-0.5792423894889993,-0.13775442581382946,3.25
1.1042114354353463,-0.12851502125822192,-0.09622494174935298,-0.06329070065370526,-0.8316430826383332,0.017419230847434203,-0.9446561263853691,0.8168002568915479,3.815
0.2785569773355612,0.7416749668064369,0.12761643181630147,-0.11689208652482869,-0.31510661414781466,-0.1049433983700162,-0.7244709259478118,0.7768189089248313,2.336
-0.9838081425021089,-0.4449477441908251,-0.5527734361973831,0.14952093372116693,-1.076222187859992,-0.4549250723056801,1.2431415034941928,-1.347190201807033,1.425
-0.8169907453283067,-1.0778131900560315,0.012864522710298608,-0.062078757442094144,0.61392894225386,0.17469275810863855,-1.3897113187591577,2.0512243753639483,0.912
